Image_no,Text
/content/processed/0.png,"پشاور، بنوں (نما ئندہ جنگ، اے ایف پی) بنوں میں اقوام میر اخیل اور"
/content/processed/1.png,اسکے ساتھ ملحقہ علاقے کے عوام نے بجلی و گیس
/content/processed/2.png,کی لوڈشیڈنگ کیخلاف مظاہرہ کیا۔ پولیس تشدد سے ایک نوجوان
/content/processed/3.png,منشور علی جاں بحق اور 2 خواتین سمیت 14 افراد زخمی ہو گئے۔
/content/processed/4.png,علاقے میں کرفیو نافذ کر دیا گیا ہے۔ مکینوں نے الزام
/content/processed/5.png,لگایا کہ پولیس کی فائرنگ سے شہری ہلاک ہوا جبکہ
/content/processed/6.png,پولیس کا کہنا ہے کہ مظاہرین میں کسی نے ہم
/content/processed/7.png,پر براہ راست فائرنگ کی اور فائرنگ کے تبادلے کے
/content/processed/8.png,نتیجے میں ایک شہری ہلاک ہو گیا۔ تفصیلات کے مطابق بنوں
/content/processed/9.png,میں اقوام میر اخیل اور اسکے ساتھ ملحقہ علاقے کے عوام
/content/processed/10.png,نے بجلی و گیس کی لوڈشیڈنگ کیخلاف مظاہرہ کیا۔ مظاہرین نے
/content/processed/11.png,مظاہرہ کے دوران بنوں ڈیرہ روڈ بلاک کر دی اور سڑک
/content/processed/12.png,"خالی کرنے سے انکار کر دیا، مظاہرین کو روڈ سے ہٹانے"
/content/processed/13.png,کیلئے پولیس نے مظاہرین پر لاٹھی چارج اور فائرنگ کی
/content/processed/14.png,جس سے ایک نوجوان منشور علی جاں بحق اور2
/content/processed/15.png,خواتین سمیت 14 افراد زخمی ہو گئے۔ زخمیوں کو قریبی ہسپتال
/content/processed/16.png,منتقل کر دیا گیا۔ بنوں اور ڈیرہ اسماعیل خان ضلع کو
/content/processed/17.png,ملانے والی مرکزی شاہراہ پر کرفیو نافذ کر دیا گیا ہے۔ بنوں
/content/processed/18.png,میں تشدد اس وقت شروع ہوا جب 500 کے لگ بھگ
/content/processed/19.png,مظاہرین نے مصروف شاہراہ بلاک کر دی اور خالی کرنے سے
/content/processed/20.png,انکار کر دیا۔ مظاہرین نے شاہراہ کو 3 گھنٹے تک بلاک رکھا۔ پولیس کا
/content/processed/21.png,کہنا ہے کہ ایک شخص فائرنگ کے تبادلے کے نتیجے
/content/processed/22.png,میں جاں بحق ہوا جبکہ مکینوں کا الزام ہے کہ
/content/processed/23.png,مظاہرین میں سے ایک شخص پولیس کی فائرنگ سے ہلاک
/content/processed/24.png,ہوا ہے۔ بنوں کے ایک پولیس افسر نے اے ایف پی
/content/processed/25.png,کو بتایا کہ پولیس نے مظاہرین کو منتشر کرنے کیلئے لاٹھی
/content/processed/26.png,چارج اور آنسو گیس کے شیل فائر کئے جس کے
/content/processed/27.png,جواب میں مظاہرین نے پولیس پر پتھراؤ شروع کر دیا۔ بنوں کے
/content/processed/28.png,ایک اور پولیس افسر نے بتایا کہ فائرنگ پہلے مظاہرین
/content/processed/29.png,میں سے کسی پر پولیس نے براہ راست کی۔۔ انہوں
/content/processed/30.png,نے کہا کہ پولیس نے مظاہرین کو منتشر کرنے کیلئے
/content/processed/31.png,ہوائی فائرنگ کی۔ انہوں نے کہا کہ مظاہرین نے بجلی
/content/processed/32.png,کے گریڈ اسٹیشن پر حملہ کیا۔
/content/processed/33.png,کراچی (اسٹاف رپورٹر) متحدہ قومی موومنٹ کے قائد
/content/processed/34.png,الطاف حسین نے واضح اور دوٹوک الفاظ میں کہا ہے کہ کوئی
/content/processed/35.png,بھی مسلمان اللہ تعالیٰ کے محبوب اور نبی آخر الزماں حضرت
/content/processed/36.png,مصطفٰے محمد صلی اللہ علیہ وآلہ وسلم کی شان میں گستاخی کرنا تو کجا اس کا
/content/processed/37.png,"تصور بھی نہیں کر سکتا، حتیٰ کہ پاکستان میں رہنے والی"
/content/processed/38.png,اقلیتیں بھی سرکار دو عالم صلى الله علیہ وآلہ وسلم کی شان میں گستاخی نہیں کر سکتی ہیں لہٰذا
/content/processed/39.png,میں تمام مسالک سے تعلق رکھنے والے مذہبی رہنماؤں سے
/content/processed/40.png,درخواست کرتا ہوں کہ وہ وزیر اعظم یوسف رضا گیلانی کی اس واضح
/content/processed/41.png,یقین دہانی کے بعد کہ ناموس رسالت ﷺ کے قانون میں
/content/processed/42.png,"کسی بھی قسم کی ترمیم یا تبدیلی نہیں کی جا رہی ہے،"
/content/processed/43.png,اپنے مظاہروں کا سلسلہ ختم کر دیں۔ انہوں نے تمام تنظیمی ونگز
/content/processed/44.png,اور شعبہ جات کے ارکان سمیت تمام ذمہ داروں اور کارکنوں
/content/processed/45.png,سے کہا کہ وہ مذہبی رواداری اور فرقہ وارانہ ہم آہنگی
/content/processed/46.png,کے فروغ کیلئے گلی گلی کارنر میٹنگز کا انعقاد کریں۔ انہوں
/content/processed/47.png,نے ان خیالات کا اظہار ایم کیو ایم کے مرکز نائن
/content/processed/48.png,زیرو پر ایم کیو ایم کے مختلف شعبہ جات کے ارکان
/content/processed/49.png,کے اجلاس سے ٹیلیفون پر خطاب کرتے ہوئے کیا۔ اپنے
/content/processed/51.png,فکر انگیز خطاب میں الطاف حسین نے کہا کہ اسلام کے معنیٰ
/content/processed/51.png,"امن اور سلامتی' ہیں، اسلام صرف مسلمانوں ہی"
/content/processed/52.png,کے نہیں بلکہ تمام مذاہب کے احترام کا درس دیتا ہے۔
/content/processed/53.png,قرآن مجید میں اللہ تعالیٰ کا فرمان بالکل واضح ہے کہ 'ترجمہ:
/content/processed/54.png,"میرا دین میرے ساتھ، تمہارا دین تمہارے ساتھ۔' قرآن مجید میں"
/content/processed/55.png,ایک اور جگہ اللہ تعالیٰ کا فرمان ہے کہ '
/content/processed/56.png,ایک اور جگہ اللہ تعالیٰ کا فرمان ہے کہ
/content/processed/57.png,ایک اور جگہ اللہ تعالیٰ کا فرمان ہے کہ '
/content/processed/58.png,ایک اور جگہ اللہ تعالیٰ کا فرمان ہے کہ '
/content/processed/59.png,انتہا پسندی اسلام کی تعلیمات کی نفی ہے۔ الطاف حسین نے
/content/processed/60.png,کہا کہ جہاں انتہا پسندی ہوگی وہاں امن وسلامتی اور اتحاد
/content/processed/61.png,"نہیں بلکہ انتشار ہوگا، نفاق ہوگا، تشدد ہوگا اور قتل وغارت گری"
/content/processed/62.png,ہوگی۔ انہوں نے کہا کہ اسلام تو ایسا مذہب ہے جو نہ صرف
/content/processed/63.png,مسلمانوں کو امن وسلامتی کا پیغام دیتا ہے بلکہ وہ
/content/processed/64.png,غیر مسلموں کو بھی امن اور سلامتی کی ضمانت دیتا ہے۔
/content/processed/65.png,"انہوں نے کہا کہ انسانی تاریخ میں کئی امراء، سلاطین اور"
/content/processed/66.png,بادشاہوں نے اپنے اقتدار کو جائز قرار دینے اور اسے دوام بخشنے
/content/processed/67.png,"کیلئے مذہب کو بطور ڈھال استعمال کیا، ہمارے ملک میں"
/content/processed/68.png,بھی یہی ہوا اور گزشتہ کئی برسوں سے کچھ عناصر مذہب
/content/processed/69.png,کو نہ صرف اپنے مفادات کیلئے استعمال کر رہے ہیں بلکہ معصوم
/content/processed/70.png,مسلمانوں کی برین واشنگ کر کے اور انہیں غلط تربیت
/content/processed/71.png,مسلمانوں کی برین واشنگ کر کے اور انہیں غلط تربیت
/content/processed/72.png,مسلمانوں کی برین واشنگ کر کے اور انہیں غلط تربیت
/content/processed/73.png,مسلمانوں کی برین واشنگ کر کے اور انہیں غلط تربیت
/content/processed/74.png,غلط تشریح کی جائے اور امن وسلامتی کا درس دینے
/content/processed/75.png,والے مذہب اسلام کو اگر امن کے بجائے انتشار اور
/content/processed/76.png,سلامتی کے بجائے تباہی کا ذریعہ بنا دیا جائے تو کیا
/content/processed/77.png,عمل توہین اسلام کے زمرے میں نہیں آتا؟ اسلام
/content/processed/78.png,کے نام پر تشدد کا عمل کرنا کیا اسلام کی خدمت ہے؟
/content/processed/79.png,عمل کیا یہ تعلیماتِ رسول اللہ ﷺ کی توہین کے زمرے میں نہیں
/content/processed/80.png,آتا؟ اگر اسلام کے نام پر قبروں سے میتوں کو نکال کر
/content/processed/81.png,"لٹکایا جائے، نماز پڑھتے ہوئےنمازیوں پر اور چوراہوں اور سڑکوں کو"
/content/processed/82.png,"خودکش حملے کر کے انہیں شہید کیا جائے، مساجد پر حملے کیے جائیں،"
/content/processed/83.png,"امام بارگاہوں پر حملے کیے جائیں، عزاداروں پر حملے کیے"
/content/processed/84.png,"جائیں، معصوم و بے گناہ مسلمانوں کو قتل کیا جائے"
/content/processed/85.png,تو کیا یہ سارا عمل خلافِ اسلام قرار نہیں پائے
/content/processed/86.png,"گا؟ کئی اولیائے کرام، بزرگانِ دین جن کا شجرۂ نسب حضرت"
/content/processed/87.png,علیؓ اور نبی آخر الزماں حضرت محمد مصطفیٰ ﷺ سے جا ملتا ہے اور
/content/processed/88.png,جن بزرگانِ دین نے اپنے عمل و کردار اور تبلیغ سے
/content/processed/90.png,جہالت کی تاریکی میں اسلام کی روشنی پھیلائی اور کروڑوں لوگوں
/content/processed/91.png,اُڑانا اور ان کے مزارات کی توہین کرنا کیا رسول
/content/processed/92.png,اکرم ﷺ سے محبت کا مظاہرہ ہے؟ کیا ایسے جلیل القدر
/content/processed/93.png,اولیائے کرام کے مزارات کے مزارات پر خودکش حملے کرنا اور ان کی توہین کرنا
/content/processed/94.png,تو ہینِ رسالت ﷺ کے زمرے میں نہیں آتا؟ ایسا گھناؤنا جرم
/content/processed/95.png,کی خلاف ورزی کرنے والوں کے خلاف کتنی مذہبی جماعتوں نے احتجاجی مظاہرے کیے؟
/content/processed/96.png,انہوں نے کہا کہ مذہی انتہا پسند عناصر نے اپنے مخصوص
/content/processed/97.png,مفادات کیلئے اسلام کے نام پر سادہ لوح نوجوانوں کو اس
/content/processed/98.png,قدر انتہا پسند اور جنونی بنا دیا ہے کہ انہیں اللہ کے حضور کوع
/content/processed/99.png,و سجود کرنے والے نمازیوں کو بموں سے اُڑاتے وقت کوئی رحم
/content/processed/100.png,نہیں آیا۔ آخر یہ کونسا مذہب ہے؟ کیا اسلام کے نام
/content/processed/101.png,پر ایسا گھناؤنا عمل کر کے دنیا بھر میں اسلام کی
/content/processed/102.png,چھی تصویر پیش کی جارہی ہے یا اس کا بیج
/content/processed/103.png,"خراب کیا جارہا ہے؟ یہ اسلام نہیں ہے؟ یہ اسلام مذہب ہی انتہا پسندی ہے، اسلام"
/content/processed/104.png,کا درس نہیں دیتا مگر بعض گروپ اسلام کے نام پر
/content/processed/105.png,انتہا پسند مذہبی انتہا پسندی اور مذہبی جنونیت کو پروان چڑھارہی ہے اور اسلام کے
/content/processed/106.png,نام پر تشدد اور جنگ اور جنگ و جدل کا درس دے رہے ہیں۔
/content/processed/107.png,یہ اسلام اور نبی اکرم صلی اللہ علیہ وآلہ وسلم سے محبت نہیں۔ نبی اکرم
/content/processed/108.png,"1947 کے دور میں مشکل ایک برصغیر پاکستان کے حصے میں آیا تھا۔ جس کی حالت ناگفتہ بہ تھی NWFP سے مسلمان کے مم فاد وہی اخبار نکلتے تھے۔ ڈیلی آزاد اخبارات دان ، جنگ اور اخباری تھے جبکہ دوسری جگہوں سے چھپنے والے تھا۔ 14 اگست 1947 کو پہلا براڈ کاسٹنگ سسٹم، پاکستان کا ریوریشن قائم ہوا۔ ریڈیو لیٹی سٹیشن 1948ء میں، کراچی اور راولپنڈی میں قائم ہوا بعد اسٹیشن 1960ء میں قائم ہوا۔ 80، 90 کی دہائی میں ایف ایم نے اپنی نشریات شروع کیں"
/content/processed/109.png,"1947 کے دور میں مشکل ایک پریس پاکستان کے حصے میں آیا تھا۔ جس کی حالت ناگفتہ بہ تھی NWFP سے مسلمان کے صرف دو ہی اخبار نکلتے تھے ڈیلی آزاد اور نیوز مانگ بعد میں منقل ہو گیا تھا۔ جبکہ دوسری جگہوں سے چھپنے والے اخبارات ڈان، جنگ اور اخبار تھے تا ہم انگلش پیپرز کا معیار زیادہ اچھا نہیں تھا۔ 14 اگست 1947ء کو پہلا براڈ کاسٹنگ سسٹم، پاکستانی کارپوریشن قائم ہوا۔ اس وقت بھارت سے بالواسطہ نشر ہوتا تھا۔ کچھ نئے اسٹیشن بجد میں جیسے راولپنڈی اسٹیشن 1948ء میں، کراچی اور راولپنڈی میں قائم ہوا بعد میں حیدر آباد میں 1951ء میں، کوئٹہ 1956ء میں دوسرا راولپنڈی اسٹیشن 1960ء میں قائم ہوا، 80، 90 کی دہائی میں ایف ایم نے اپنی نشریات شروع کیں"
/content/processed/110.png,"1947 کے دور میں مشکل ایک پریس پاکستان کے حصے میں آیا تھا۔ جس کی حالت ناگفتہ بہ تھی NWFP سے مسلمان کے صرف دو ہی اخبار نکلتے تھے ۔ ڈیلی آزاد اور نیوز مانگ بعد میں ڈھاکہ منتقل ہوگیا تھا۔ جبکہ دوسری جگہوں سے چھپنے والے اخبارات ڈان، جنگ اور انجام تھے تاہم انگلش پیپرز کا معیار نہ زیادہ اچھا نہیں تھے۔ 14 اگست 1947ء کو پہلا براڈ کاسٹنگ سسٹم ، پاکستان کارپوریشن قائم ہوا۔ اس وقت یہ بھارت سے بالواسطہ نشر ہوتا تھا۔ کچھ نئے اسٹیشن بعد میں جیسے راولپنڈی اسٹیشن 1948ء میں، کراچی اور راولپنڈی میں قائم ہوا بعد میں حیدر آباد میں 1951ء میں، کوئٹہ 1956ء میں دوسرا راولپنڈی اسٹیشن 1960ء میں قائم ہوا 80، 90 کی دہائی میں ایف ایم نے اپنی نشریات شروع کیں۔"
/content/processed/111.png,"1947 کے دور میں مشکل ایک پر پریس پاکستان کے حصے میں آیا تھا۔ جس کی حالت ناگفتہ بہ تھی NWFP سے مسلمان کے صرف دو ہی اخبار نکلتے تھے ۔ ڈیلی آزاد اور نیوز مانگ بعد میں ڈھاکہ منتقل ہوگیا تھا۔ جبکہ دوسری جگہوں سے چھپنے والے اخبارات ڈان، جنگ اور انجام تھے تاہم انگلش پیپرز کا معیار زیادہ اچھا نہیں تھا ۔ 14 اگست 1947ء کو پہلا براڈ کاسٹنگ سسٹم ، پاکستان کارپوریشن قائم ہوا ۔ اس وقت یہ بھارت سے بالواسطہ نشر ہوا تھا ۔ کچھ نئے اسٹیشن بعد میں جیسے راولپنڈی اسٹیشن 1948ء میں، کراچی اور راولپنڈی میں"
/content/processed/112.png,ڵی (بلی) سننے میں ایک خوبصورت سے جانور کا نام / آٹھ مایا ہے ۔ یہ دنیا میں سب سے زیادہ پائے جانے والا جانور ہے ۔ بلی کا سائنسی نام (Domesticus Felis) ہے ۔ اس کا خاندان (Fedidae) کہلاتا ہے ۔ یہ گوشت خور جانور ہے ۔ ایک اندازے کے مطابق بلی 9500 سال سے انسانوں کے درمیان موجود ہے ۔ بلی کی اوسط اونچائی 23 سے 25 میٹر تک ہے ۔ اکثر بلیوں کی لمبائی 30 سینٹی میٹر تک ہوتی ہے ان کے جسم کا درجہ حرارت 38.6 سینٹی گریڈ ہوتا ہے ۔ جب کہ ایک منٹ میں ان کا دل 120 سے 140 مرتبہ دھڑکتا ہے ۔ آرام کی حالت میں سانس لینے کی رفتار 16 سے 40 مرتبہ فی منٹ ہوتی ہے ۔ دنیا کی چھوٹی ترین بلی کا وزن 108 کلوگرام ریکارڈ کیا گیا ہے ۔
/content/processed/113.png,"1947 کے دور میں مشکل ایک پر پریس پاکستان کے حصے میں آیا تھا ۔ جس کی حالت ناگفتہ بہ تھی ۔ NWFP سے مسلمان کے صرف دو ہی اخبار نکلتے تھے ۔ ڈیلی آزاد اور نیوز مانگ بعد میں ڈھاکہ منتقل ہو گیا تھا ۔ جبکہ دوسری جگہوں سے چھپنے والے اخبارات 'ڈان' 'جنگ اور انجام تھے ۔ تاہم انگلش پیپرز کا معیار زیادہ اچھا نہیں تھا ۔ 14 اگست 1947ء کو پہلا براڈ کاسٹنگ سسٹم ، پاکستان کارپوریشن قائم ہوا ۔ اس وقت یہ بھارت سے بالواسطہ نشر ہوتا تھا ۔ کچھ نئے اسٹیشن بعد میں جیسے راولپنڈی اسٹیشن 1948ء میں، کراچی اور راولپنڈی میں قائم ہوا بعد میں حیدر آباد میں 1951ء میں، کوئٹہ 1956ء میں دوسرا راولپنڈی اسٹیشن 1960ء میں قائم ہوا ۔ 80 ، 90 کی دہائی میں ایف ایم نے اپنی نشریات شروع کیں ۔"
/content/processed/114.png,"کے دور میں مشکل ایک پر لیس پاکستان کے حصے میں آیا تھا جس کی حالت ناگفتہ بہ تھی NWFP سے مسلمان کے صرف دو ہی اخبار نکلتے تھے ۔ ڈیلی آزاد اور نیوز مانگ بعد میں ڈھاکہ منتقل ہوگیا تھا ۔ جبکہ دوسری جگہوں سے چھپنے والے اخبارات ڈان، جنگ اور انجام تھے تاہم انگلش پیپرز کا معیار زیادہ اچھا نہیں تھا ۔ 14 اگست 1947ء کو پہلا براڈ کاسٹنگ سسٹم ، پاکستان کارپوریشن قائم ہوا تھا ۔ اس وقت یہ بھارت سے بالواسطہ نشر ہوا تھا ۔ کچھ نئے اسٹیشن بعد میں جیسے راولپنڈی اسٹیشن 1948ء میں، کراچی اور راولپنڈی میں قائم ہوا بعد میں حیدر آباد میں 1951ء میں، کوئٹہ 1956ء میں دوسرا راولپنڈی اسٹیشن 1960ء میں قائم ہوا ۔ 80 ، 90 کی دہائی میں ایف ایم نے اپنی نشریات شروع کیں ۔"
/content/processed/115.png,"کے دور میں مشکل ایک پریس پاکستان کے حصے میں آیا تھا ۔ جس کی حالت ناگفتہ بہ تھی ۔ NWFP سے مسلمان کے صرف دو ہی اخبار نکلتے تھے ۔ ڈیلی آزاد اور نیوز مارننگ ، بعد میں ڈھاکہ منتقل ہو گیا تھا ۔ جبکہ دوسری جگہوں سے چھپنے والے اخبارات ڈان، جنگ اور انجام تھے ۔ تاہم انگلش پیپرز کا معیار اچھا نہیں تھا ۔ 14 اگست 1947ء کو پہلا براڈ کاسٹنگ سسٹم ، پاکستان کارپوریشن قائم ہوا ۔ اس وقت یہ بھارت سے بالواسطہ نشر ہوتا تھا ۔ کچھ نئے اسٹیشن بعد میں جیسے ، راولپنڈی اسٹیشن 1948ء میں، کراچی اور راولپنڈی میں قائم ہوا ۔ بعد میں حیدر آباد میں 1951ء ، کوئٹہ 1956ء میں ، دوسرا راولپنڈی اسٹیشن 1960ء میں قائم ہوا ۔ 80 ، 90 کی دہائی میں ایف ایم نے اپنی نشریات شروع کیں ۔"
/content/processed/116.png,"کے دور میں مشکل ایک پریس پاکستان کے حصے میں آیا تھا ۔ جس کی حالت ناگفتہ بہ تھی NWFP سے مسلمان کے صرف دو ہی اخبار نکلتے تھے ۔ ڈیلی آزاد اور نیوز مارنگ بعد میں ڈھاکہ منتقل ہوگیا تھا ۔ جبکہ دوسری جگہوں سے چھپنے والے اخبارات ڈان، جنگ اور انجام تھے تاہم انگلش پیپرز کا معیار زیادہ اچھا نہیں تھا ۔ 14 اگست 1947ء کو پہلا براڈ کاسٹنگ سسٹم ، پاکستان کارپوریشن قائم ہوا ۔ اس وقت یہ بھارت سے بالواسطہ نشر ہوتا تھا ۔ کچھ نئے اسٹیشن بعد میں جیسے راولپنڈی اسٹیشن 1948ء میں، کراچی اور راولپنڈی میں قائم ہوا بعد میں حیدر آباد میں 1951ء میں، کوئٹہ 1956ء میں دوسرا راولپنڈی اسٹیشن 1960ء میں قائم ہوا ۔ 80 ، 90 کی دہائی میں ایف ایم نے اپنی نشریات شروع کیں ۔"
/content/processed/117.png,"کے دور میں مشکل ایک پر پریس پاکستان کے حصے میں آیا تھا۔ جس کی حالت ناگفتہ بہ تھی NWFP سے مسلمان کے صرف دو ہی اخبار نکلتے تھے۔ ڈیلی آزاد اور نیوز مارننگ بعد میں ڈھاکہ منتقل ہو گیا تھا۔ جبکہ دوسری جگہوں سے چھپنے والے اخبارات ڈان، جنگ اور انجام تھے تاہم انگلش پیپرز کا معیار زیادہ اچھا نہیں تھا۔ 14 اگست 1947ء کو پہلا براڈ کاسٹنگ سسٹم ، پاکستان کارپوریشن قائم ہوا۔ اس وقت یہ بھارت سے بالواسطہ نشر ہوتا تھا۔ کچھ نئے اسٹیشن بعد میں جیسے راولپنڈی اسٹیشن 1948ء میں، کراچی اور راولپنڈی میں قائم ہوا بعد میں حیدر آباد میں 1951ء میں، کوئٹہ 1956ء میں دوسرا راولپنڈی اسٹیشن 1960ء میں قائم ہوا۔ 80 ، 90 کی دہائی میں ایف ایم نے اپنی نشریات شروع کیں۔"
/content/processed/118.png,"کے دور میں مشکل ایک پریس پاکستان کے حصے میں آیا تھا جس کی حالت ناگفتہ بہ تھی NWFP سے مسلمان کے صرف دو ہی اخبار نکلتے تھے ۔ ڈیلی آزاد اور نیوز مارنگ بعد میں ڈھاکہ منتقل ہوگیا تھا ۔ جبکہ دوسری جگہوں سے چھپنے والے اخبارات ڈان، جنگ اور انجام تھے تاہم انگلش پیپرز کا معیار زیادہ اچھا نہیں تھا ۔ 14 اگست 1947ء کو پہلا براڈ کاسٹنگ سسٹم ، پاکستان کارپوریشن قائم ہوا ۔ اس وقت یہ بھارت سے بالواسطہ نشر ہوتا تھا ۔ کچھ نئے اسٹیشن بعد میں جیسے راولپنڈی اسٹیشن 1948ء میں، کراچی اور راولپنڈی میں قائم ہوا بعد میں حیدر آباد میں 1951ء میں، کوئٹہ 1956ء میں دوسرا راولپنڈی اسٹیشن 1960ء میں قائم ہوا ۔ 80 ، 90 کی دہائی میں ایف ایم نے اپنی نشریات شروع کیں ۔"
/content/processed/119.png,ڵی نام سننے ہی ایک خوبصورت سے جانور کا نام / آٹھ مایا ہے ۔ یہ دنیا میں سب سے زیادہ پائے جانے والا جانور ہے ۔ بلی کا سائنسی نام (Felis Demasticus) ہے ۔ اس کا خاندان (Fedidae) کہلاتا ہے ۔ یہ گوشت خور جانور ہے ۔ ایک اندازے کے مطابق بلی 9500 سال سے انسانوں کے درمیان موجود ہے ۔ بلی کی اوسط اونچائی 23 سے 25 میٹر تک ہوتی ہے ۔ اکثر بلیوں کی لمبائی 30 سینٹی میٹر تک ہوتی ہے ان کے جسم کا درجہ حرارت 38.6 سینٹی گریڈ ہوتی ہے جب کہ ایک منٹ میں ان کا دل 120 سے 140 مرتبہ دھڑکتا ہے ۔ آرام کی حالت میں سانس لینے کی رفتار 16 سے 40 مرتبہ فی منٹ ہوتی ہے ۔ دنیا کی چھوٹی ترین بلی کا وزن 108 کلوگرام ریکارڈ کیا گیا ہے
/content/processed/120.png,"عبد الستار ایدھی 1928 میں انڈیا کے ایک علاقے میں ” کاٹھیاوار “ میں پیدا ہوئے ۔ والد ممبئی میں اپنا کاروبار کرتے تھے ۔ لیکن اس کے علاوہ انہیں کو اور لکھنا اور پڑھنا نہیں آتا ۔ 24 سال کی عمر میں پاکستان کی آزادی کے ہفتے دن وہ کراچی آئے ۔ اس وقت کراچی ایک چھوٹا سا شہر تھا ۔ اور دوسرے پاکستان شہروں اور گاؤں کی طرح اس سے بھی مہاجرین کی آباد کاری کا مسئلہ درپیش تھا اور تقریباً 150,000 مہاجر اس وقت کراچی میں مقیم تھے ۔ محض 24 برس کی عمر میں انہوں نے اپنی چھوٹی سی دکان کو اتنا بڑھا دیا تھا کہ آج پورے ملک میں ان کے 450 سے زائد فاؤنڈلیشن سینٹر کام کر رہے ہیں ۔ ان کا کہنا ہے کہ پاکستان کی %3 افراد کی آبادی نے باقی 97 لوگوں کا حق مار رکھا ہے ۔ نہ تو وہ ٹیکسز ادا کرتے ہیں اور نہ وہ لوگوں کی ترقی کے ضمن میں کوئی اچھا کام کرتے ہیں ۔"
/content/processed/121.png,"میں سکول جاتا ہوں ۔

میں سکول جاتا ہوں۔

میں سکول جاتا ہوں ۔

میں سکول جاتا ہوں ۔"
/content/processed/122.png,"کے دور میں مشکل ایک پریس پاکستان کے حصے میں آیا تھا۔ جس کی حالت ناگفتہ بہ تھی NWFP سے مسلمان کے صرف دو ہی اخبار نکلتے تھے ۔ ڈیلی آزاد اور نیوز مارننگ بعد میں ڈھاکہ منتقل ہوگیا تھا ۔ جبکہ دوسری جگہوں سے چھپنے والے اخبارات ڈان، جنگ اور انجام تھے ۔ تاہم انگلش پیپرز کا معیار زیادہ اچھا نہیں تھا ۔ 14 اگست 1947ء کو پہلا براڈ کاسٹنگ سسٹم ، پاکستان کارپوریشن قائم ہوا ۔ اس وقت یہ بھارت سے بالواسطہ نشر ہوتا تھا ۔ کچھ نئے اسٹیشن بعد میں جیسے راولپنڈی اسٹیشن 1948ء میں، کراچی اور راولپنڈی میں قائم ہوا بعد میں حیدر آباد میں 1951ء میں، کوئٹہ 1956ء میں دوسرا راولپنڈی اسٹیشن 1960ء میں قائم ہوا ۔ 80 ، 90 کی دہائی میں ایف ایم نے اپنی نشریات شروع کیں۔"
/content/processed/123.png,بلی کا نام سنتے ہی ایک خوبصورت سے جانور کا تاثر ابھرتا ہے یہ دنیا میں سب سے زیادہ پائے جانے والا جانور ہے۔ بلی کا سائنسی نام (Felis Domesticus) ہے۔ اس کا خاندان (Fedidae) کہلاتا ہے۔ یہ گوشت خور جانور ہے۔ ایک اندازے کے مطابق بلی 9500 سال سے انسانوں کے درمیان موجود ہے۔ بلی کی اوسط اونچائی 23 سے 25 میٹر تک ہوتی ہے۔ اکثر بلیوں کی لمبائی 30 سینٹی میٹر تک ہوتی ہے ان کے جسم کا درجہ حرارت 38.6 سینٹی گریڈ تک ہوتا ہے۔ جب کہ ایک منٹ میں ان کا دل 120 سے 140 مرتبہ دھڑکتا ہے۔ آرام کی حالت میں سانس لینے کی رفتار 16 سے 40 مرتبہ فی منٹ ہوتی ہے۔
/content/processed/124.png,"کے دور میں مشکل ایک پر لیس پاکستان کے حصے میں آیا تھا جس کی حالت ناگفتہ بہ تھی NWFP سے مسلمان کے صرف دو ہی اخبار نکلتے تھے ۔ ڈیلی آزاد اور نیوز مارنگ بعد میں ڈھاکہ منتقل ہوگیا تھا ۔ جبکہ دوسری جگہوں سے چھپنے والے اخبارات ڈان، جنگ اور انجام تھے تاہم انگلش پیپرز کا معیار کا معیار زیادہ اچھا نہیں تھا ۔ 14 اگست 1947ء کو پہلا براڈ کاسٹنگ سسٹم ، پاکستان کارپوریشن قائم ہوا ۔ اس وقت یہ بھارت سے بالواسطہ نشر ہوں تھا ۔ کچھ نئے اسٹیشن بعد میں جیسے راولپنڈی اسٹیشن 1948ء میں، کراچی اور راولپنڈی میں قائم ہوا بعد میں حیدر آباد میں 1951ء میں ، 1956ء میں دوسرا راولپنڈی اسٹیشن 1960ء قائم ہوا ۔ 80 ، 90 کی دہائی میں ایف ایم نے اپنی نشریات شروع کیں"
/content/processed/126.png,"ہندوستان کی سلطنت میسور کا آخری فرماں روا، شیر میسور نواب حیدر کا بیٹا ۔ تحریک آزادی ہندوستان کا پہلا شہید ۔ دیون ہلی کے مقام پر پیدا ہوا۔ ”تاریخ تہمید خان“ کے مصنف محب الحسن خان کی روایت کے مطابق 1767ء میں نظام دکن نے ٹیپو کو ”فتح علی خان بہادر“ کا خطاب دیا تھا ۔ ”نشان حیدری“ کے مولف حسین کرمانی کے بقول حیدر علی نے ایک وفد ٹیپو کی سرکردگی میں دکن روانہ کیا ۔ جہاں ٹیپو کو ”نصیب الدولہ“ کا خطاب ملا۔ 1767ء ٹیپو سلطان فوجی زندگی میں پہلی بار ہمارے سامنے آتا ہے۔ جب وہ حیدر علی خان کے ساتھ مالابار حملہ آور ہوتا ہے۔ 19 جون 1767ء کو ٹیپو سلطان مدراس اور اس کے مضامین پر حملے مار رہا تھا ۔ اس وقت انگریز پہلی بار میسور میں حیدر علی پر حملہ آور ہوئے تھے"
/content/processed/127.png,"ء کے دور میں مشکل ایک پر کیس پاکستان کے حصے میں آیا تھا جس کی حالت ناگفتہ بہ تھی NWFP سے مسلمان کے صرف دو ہی اخبار نکلتے تھے ۔ ڈیلی آزاد اور نیوز مانگ بعد میں ڈھاکہ منتقل ہو گیا تھا ۔ جبکہ دوسری جگہوں سے چھپنے والے اخبارات ڈان، جنگ اور انجام تھے تاہم انگلش پیپرز کا معیار زیادہ اچھا نہیں تھا 14 اگست 1947ء کو پہلا براڈ کاسٹنگ سسٹم ، پاکستان کارپوریشن قائم ہوا ۔ اس وقت یہ بھارت سے بالواسطہ نشر ہوا تھا ۔ کچھ نئے اسٹیشن بعد میں جیسے راولپنڈی اسٹیشن 1948ء میں، کراچی اور راولپنڈی میں قائم ہوا بعد میں حیدر آباد میں 1951ء میں، کوئٹہ 1956ء میں دوسرا راولپنڈی اسٹیشن 1960 میں قائم ہوا ۔ 80 ، 90 کی دہائی میں ایف ایم نے اپنی نشریات شروع کیں ۔"
/content/processed/128.png,"کے دور میں بمشکل ایک پریس پاکستان کے حصے میں آیا تھا ۔ جس کی حالت ناگفتہ بہ تھی NWFP سے پاکستان کے صرف دو ہی اخبار نکلتے تھے ۔ ڈیلی آزاد اور نیوز ماننگ بعد میں ڈھاکہ منتقل ہو گیا تھا ۔ جبکہ دوسری جگہ سے چھپنے والے اخبارات ڈان ، جنگ اور انجام تھے ۔ تاہم انگلش پیپرز کا معیار زیادہ اچھا نہیں تھا ۔ 14 اگست 1947ء کو پہلا براڈ کاسٹنگ سسٹم ، پاکستان کارپوریشن قائم ہوا ۔ اس وقت یہ بھارت سے بالواسطہ نشر ہوتا تھا ۔ کچھ نئے اسٹیشن بعد میں جیسے راولپنڈی اسٹیشن 1948ء میں ، کراچی اور راولپنڈی میں قائم ہوا بعد میں حیدر آباد میں 1951ء میں ، کوئٹہ 1956ء میں دوسرا راولپنڈی اسٹیشن 1960 میں قائم ہوا ۔ 1980، 90 کی دہائی میں ایف ایم نے اپنی نشریات شروع کیں ۔"
/content/processed/129.png,"عبد الستار ایدھی 1928ء میں انڈیا کے ایک علاقے میں کاٹھیاوار میں پیدا ہوئے ۔ والد ممبئی میں اپنا کاروبار کرتے تھے ۔ لیکن اس کے علاوہ انہیں کچھ اور لکھنا اور پڑھنا نہیں آتا تھا 24 سال کی عمر میں پاکستان کی آزادی کے چھٹے دن وہ کراچی آئے ۔ اس وقت کراچی ایک چھوٹا سا شہر تھا اور دوسرے پاکستان شہروں اور گاؤں کی طرح اسے بھی مہاجرین کی آباد کاری کا مسئلہ درپیش تھا تقریباً 150,000 مہاجر اس وقت کراچی میں مقیم تھے ۔ محض 24 برس کی عمر میں انہوں نے اپنی چھوٹی سی دکان کو اتنا بڑھا دیا ہے کہ آج پورے ملک میں ان کے 400 سے زائد فاؤنڈیشن سینٹر کام کر رہے ہیں ان کا کہنا ہے کہ پاکستان کی 3% امراء کی آبادی نے باقی 97% لوگوں کا حق مار رکھا ہے ۔ نہ تو وہ ٹیکسز ادا کرتے ہیں اور نہ ہی وہ لوگوں کی ترقی کے ضمن میں کوئی اچھا کام کرتے ہیں ۔"
/content/processed/130.png,"عبد الستار ایدھی 1928ء میں انڈیا کے ایک علاقے میں کاٹھیاوار میں پیدا ہوئے ۔ والد ممبئی میں اپنا کاروبار کرتے تھے لیکن اس کے علاوہ انہیں کچھ اور لکھنا اور پڑھنا نہیں آتا تھا 24 سال کی عمر میں پاکستان کی آزادی کے چھٹے دن وہ کراچی آئے اس وقت کراچی ایک چھوٹا سا شہر ہے اور دوسرے پاکستان شہروں اور گاؤں کی طرح اسے بھی مہاجرین کی آباد کاری کا مسئلہ درپیش تھا اور تقریباً 150,000 مہاجر اس وقت کراچی میں مقیم تھے محض 24 برس کی عمر میں انہوں نے اپنی چھوٹی سی دکان کو اتنا بڑھا دیا ہے کہ آج پورے ملک میں ان کے 400 سے زائد فاؤنڈیشن سینٹر کام کر رہے ہیں ان کا کہنا ہے کہ پاکستان کی 3% امراء کی آبادی نے باقی 97% لوگوں کا حق مار رکھا ہے نہ تو وہ ٹیکسز ادا کرتے ہیں اور نہ ہی وہ لوگوں کی ترقی کے ضمن میں کوئی اچھا کام کرتے ہیں ۔"
/content/processed/131.png,ا د ڈ ر ڑ ز ژ ݜ و
/content/processed/132.png, ب پ ٹ ث ج چ ح خ د ڈ ذ ر ڑ ز ژ س ش ص ض ط ظ ع غ ف ق ک گ ل م ن و ه ھ ء ی ے
/content/processed/133.png,پاکستان ۱۴ اگست ۱۹۴۷ء کو معرض وجود میں آیا۔
/content/processed/137.png,"سوال ۴۱۵: میں رجب کے مہینے میں مستحب روزے رکھتا ہوں۔ ہم لوگ ہر ہفتے کی صبح مسجد میں نمازِ صبح کے بعد نیاز کا اہتمام کرتے ہیں تاکہ لوگوں میں مسجد میں آنے اور صبح کی نماز میں شرکت کا شوق پیدا ہو۔ تو کیا اس دن میں روزے کی نیت کر سکتا ہوں جبکہ مجھے معلوم ہے کہ مجھے بھی نیاز کے لئے بلایا جائے گا۔ اور کیا یہ ہو سکتا ہے کہ میں نیت کرللوں اور جب وہ لوگ مجھے بھی دعوت دیں تو ان کے ساتھ نیاز چکھ لوں یا یہ کہہ کر معذرت کرللوں کہ میں روزے سے ہوں۔ بات یہ ہے کہ میں رجب کے روزے کا ثواب حاصل کرنا چاہتا ہوں؟
جواب: یہ جائز ہے کہ آپ روزے کی نیت کر لیں اور جب آپ کو دعوت دی جائے تو آپ کھانا بھی کھا لیں۔ اس طرح آپ کو دو ثواب مل جائیں گے۔ پہلا روزے کا ثواب اور دوسرا مومن کی دعوت قبول کرنے کا ثواب۔"
/content/processed/142.png,"اسماء الحسنیٰ (اللہ کے نانوے ناموں سے مشکلات کا حل)
وَلِلّٰهِ الْاَسْمَآءُ الْحُسْنٰى فَادْعُوْهُ بِهَا (القرآن)

اور اللہ ہی کیلئے ہیں سارے اچھے نام، تو اس کو ان ہی ناموں سے پکارو خوش نصیب ہے وہ جو اسماء الحسنیٰ کی طرف متوجہ ہو، انہیں یاد کرے سمجھے، خوب پڑھے (پکارے) اور ان میں غور کرے۔

حدیث شریف کا مفہوم ہے کہ آپ ﷺ نے فرمایا اللہ تعالیٰ کے نانویں نام ہیں جو انہیں یاد کرے گا، جنت میں جائے گا۔ (ترمذی)

قرآن واحادیث میں اللہ کے بابرکت ناموں کے بہت سے فضائل وبرکات اور ان ناموں سے اللہ کو پکارنے کی ترغیب آئی ہے۔

حضور اکرم ﷺ نے بعض دعاؤں اور کلمات کے ساتھ ان کی تعداد بھی متعین فرمائی ہے۔ جو اعداد اور مقدار کے موثر ہونے کی سب سے قوی ومضبوط اور معتبر دلیل ہے۔ لہذا علماءِ روحانیت نے بزرگانِ دین ومَشائخ سے مجربات کے ساتھ ساتھ اسماء الحسنیٰ کے اعداد کے مطابق پڑھنے کو بھی مجرب پایا ہے۔ انشاء اللہ ہم بزرگوں کے مجربات کے ساتھ ساتھ اسماء الحسنیٰ کے اعداد اور اپنے نام کے اعداد کے حساب سے اسماء الحسنیٰ کو پڑھنے کا طریقہ بھی درج کریں گے جو اس شخص کے لیے اسمِ اعظم ہوگا۔

اسماء الحسنیٰ کو پڑھنے کے تین طریقے:
الف لام کے ساتھ بغیر حرفِ ندا یعنی بغیر (یا) کے پڑھا جائے

مثلاً اَلرَّحْمٰنُ جَلَّ جَلَالُہُ ، اَلرَّحِیْمُ جَلَّ جَلَالُہُ۔ (جب بہت سے نام ملا کر اکٹھے پڑھنے ہو تو پھر پہلے نام کے ساتھ جَلَّ جَلَالُہُ پڑھ لیں اسکے بعد ہر نام کے ساتھ پڑھنا ضروری نہیں ہے)۔

حرفِ ندا یعنی (یا) کے ساتھ پڑھا جائے

جیسے یاَ رَحْمٰنُ ، یاَ رَحِیْمُ۔"
/content/processed/143.png,"10 گرام اجوائن 10 گرام سونف کو ایک گلاس پانی میں ڈال کر پکائیں، جب آدھا پانی رہ جائے تو اسے نیم گرم پی لیں۔ اسی ترکیب سے صبح و شام یہ ٹوٹکے پر عمل کریں۔ صرف چند دن کے استعمال سے نمایاں فرق ہوگا۔ سستا اور مجرب ہے"
/content/processed/144.png,کیا تنگ ہم ستم زدگان کا جہاں ہے جس میں کہ ایک بیضۂ مور آسمان ہے
/content/processed/145.png,"انسان کی اوقات

انسان بھی کیا عجیب ہے پہلے روتے ہوئے خود دنیا میں آتا ہے۔ اور پھر بعد میں لوگوں کو بجائے اپنے لئے رُلانے کے اپنی وجہ سے رُلاتا ہے۔ پہلے انگلی پکڑ کر خود چلنا سیکھتا ہے اور بعد میں وہی ہاتھ انہی لوگوں پر اٹھاتا ہے جو اسے چلنا سکھاتے ہیں۔
پہلے مٹی سے بن کر مٹی میں پل کر بڑا ہوتا ہے اور بعد میں ذرا سی مٹی لگنے پر فساد کھڑے کر دیتا ہے اور وہاں اس کا ساتھ دینے والے بھی پاس ہی ہوتے ہیں اور پھر ہوتا کیا ہے کہ جس مٹی کے ذرا سے زرا سے فساد کھڑے ہوتے تھے اسی مٹی میں پھر اسے چپ چاپ سُلا دیا جاتا ہے اور اس بار کوئی نہیں بولتا اور سلاتے بھی وہ خود ہیں جو ہر بات پہ اس کی ہاں میں ہاں ملاتے تھے اور اس کے ساتھ کھڑے ہوتے تھے بس یہی ہے انسان کی اصل اوقات ......!

عامر وارث"
/content/processed/146.png,14th اگست | یومِ آزادی
/content/processed/149.png,"ن درّايوسے مَتہ ۔ ہَے ہَے اوڈِتہ ما گڑھ شام۔ آہَم، ہاوس لاگتھ آپ ۔ لٔادی۔ دڑاہَم داوس لاگتھ دڑاہَم، وأنج تنہ"
/content/processed/150.png,"Nasta'liq
کیا تنگ ہم ستم زدگان کا جہاں ہے
جس میں کہ ایک بیضۂ مور آسمان ہے

Naskh
کیا تنگ ہم ستم زدگان کا جہاں ہے
جس میں کہ ایک بیضۂ مور آسمان ہے"
/content/processed/151.png, ا ب پ ت ٹ ث ج چ ح خ د ڈ ذ ر ڑ ز س ش ص ض ط ظ ع غ ف ق ك گ ل م ن و ه ھ ء ی
/content/processed/152.png,"شہر میں، دشت میں، دریا میں بھی گیا ہوں میں
قدم قدم پہ یہاں خود کو ڈھونڈتا ہوں میں

میں نفرتوں کی حرارت سے جل گیا ہوں مگر
محبتوں کا سہارا لیے کھڑا ہوں میں

ہر انتقام میں شامل ہے خونِ فردا بھی
ہر اک عفو میں نیا ماضی دیکھتا ہوں میں"
/content/processed/154.png,"اردو فونٹ

اردو فونٹ انسٹال کرنے کا سب سے بہتر طریقہ یہ ہے کہ ’’پاک اردو انسٹالر‘‘ انسٹال کر لیں۔ ’’پاک اردو انسٹالر‘‘ سے اردو فونٹ کے ساتھ ساتھ اردو کے متعلق دیگر چیزیں جیسے اردو کی بورڈلے آؤٹ وغیرہ بھی خود بخود انسٹال ہو جائیں گے جس سے آپ ہر جگہ نہایت ہی آسانی سے اردو لکھ سکیں گے۔ حتیٰ کہ گوگل پر تلاش، ای میل اور چیٹ وغیرہ میں بھی اردو لکھ سکیں گے۔ اگر آپ اردو لکھنے کی بجائے صرف بہتر انداز میں پڑھنا چاہتے ہیں تو پھر نیچے دیئے گئے لنک سے ’’اردو فونٹ انسٹالر‘‘ ڈاؤن لوڈ کریں اور پھر اپنے کمپیوٹر پر انسٹال کر لیں۔

’’اردو فونٹ انسٹالر‘‘ یہاں سے ڈاؤن لوڈ کریں

’’اردو فونٹ انسٹالر‘‘ میں تین اردو فونٹ شامل ہیں۔ جن میں ’’اردو نسخ ایشیا ٹائپ‘‘ جو کہ بی بی سی اردو والوں کا فونٹ ہے اور ’’نفیس ویب نسخ‘‘ جو کہ کرپ والوں نے بنایا ہے۔ یہ دونوں فونٹ نسخ طرز کے ہیں۔ ان دونوں کے ساتھ ساتھ ایک بہترین ’’جمیل نوری نستعلیق‘‘ فونٹ بھی شامل ہے۔ ’’جمیل نوری نستعلیق‘‘ ایک مکمل نستعلیق فونٹ ہے جس سے آپ کو اردو میں ایک مکمل نستعلیق ماحول میسر آتا ہے اور تحریر ایسے ہی نظر آئے گی جیسی یہاں نظر آ رہی ہے۔ ’’اردو فونٹ انسٹالر‘‘ انسٹال کرنے کے بعد آپ تمام اردو ویب سائیٹس بہتر انداز میں ملاحظہ کر سکیں گے۔

مزید اردو کے متعلق معلومات کے لئے یہاں دیکھیں۔"
/content/processed/155.png,"Urdu Fonts ایک مقبول پلیٹ فارم ہے جہاں صارفين ایک ہی جگہ پر اردو نستعلیق فونٹس اور نستعلیق اردو فونٹ ڈاؤن لوڈ کے بہترین آپشنز تلاش کر سکتے ہیں۔ اردو نستعلیق صرف ایک فونٹ اسٹائل نہیں بلکہ ایک ثقافتی شناخت ہے جو پاکستان اور دنیا بھر میں اردو زبان کی خوبصورتی کی نمائندگی کرتی ہے۔

اس مکمل گائیڈ میں آپ اردو نستعلیق فونٹس کے بارے میں ہر وہ معلومات حاصل کریں گے جن میں ان کے استعمال، فوائد اور انہیں مفت ڈاؤن لوڈ کرنے کے طریقے شامل ہیں۔ چاہے آپ ڈیزائنر ہوں، لکھاری، طالب علم یا پبلشر، یہ مضمون آپ کو اعتماد کے ساتھ بہترین فونٹ منتخب کرنے میں مدد دے گا۔"
/content/processed/156.png,"اور ہو سکتا ہے ہو تمهارا یقین تمہیں معجزوں
تک لے جائے جب یقین اللہ
کی ذات پر ہو تو دعائیں ادھوری
نہیں رہتی"
/content/processed/157.png,ہفتوں کی منصوبہ بندی حقیقت کا روپ دھارنے لگی
/content/processed/158.png,"چماروں کا کنبہ تھا اور سارے گاؤں میں بدنام۔ گھیسو اک دن کام کرتا تو تین دن آرام۔ مادھو اتنا کام چور تھا
کہ گھنٹہ بھر کام کرتا تو گھنٹہ بھر چلم پیتا۔ اسلئے انہیں کوئی رکھتا ہی نہیں تھا ۔ گھر میں مُٹھی بھر اناج بھی موجود ہو تو ان کے لیے کام کرنے کی قسم تھی ۔ جب دو ایک فاقہ ہو جاتا تو گھیسو درختوں پر چڑھ کر لکڑیاں توڑ لاتا اور مادھو بازار میں بیچ آتا ۔ اور جب تک وہ پیسے رہتے دونوں ادھر ادھر مارے مارے پھرتے۔ جب فاقے کی نوبت آ جاتی تو پھر لکڑیاں توڑتے یا کوئی مزدوری تلاش کرتی ۔ گاؤں میں کام کی کمی نہ تھی ۔ کاشتکاروں کا گاؤں تھا ۔ محنتی آدمی کے لئے پچاس کام تھے ۔ مگر ان دونوں کو لوگ اسی وقت بلاتَے جب دو آدمیوں سے ایک کا کام پاکر بھی قناعت کرلینے کے سوا اور کوئی چارہ نہ ہوتا۔
کاش دونوں سادھو ہوتے تو انہیں قناعت اور توکّل کے لئے ضبط نفس کی مطلق ضرورت نہ ہوتی ۔ یہ ان کی خلقی صفت تھی ۔ عجیب زندگی تھی ان لوگوں کی۔ گھر میں مٹی کے دو چار برتنوں کے سوا کوئی اثاثہ نہیں ۔ پھٹے چیتھڑوں سے اپنی عریانی ڈھانکے ہوئے ، دنیا کی فکروں سے آزاد، قرض سے لدے ہوئے ۔ گالیاں بھی کھاتے تھے مگر کوئی غم نہیں ۔ مسکین اتنے کہ وصولی کی مطلق اُمید نہ ہونے پر بھی لوگ انہیں کچھ نہ کچھ قرض دے دیتے تھے ۔ مثریا آلو کی فصل میں کھیتوں سے مثریا آلو اکھاڑ لاتے اور بھون بھون کر کھاتے یا دس پانچ اوکھ توڑلاتے اور راتوں کو چوستے ۔ گھیسو نے اسی زاہدانہ انداز سے ساٹھ سال کی عمر کاٹ دی اور مادھو بھی سعادتمند بیٹے کی طرح باپ کے نقش قدم پر چل رہا تھا ۔ بلکہ اس کا نام اور بھی روشن کر رہا تھا۔"
/content/processed/159.png,"اقوام متحدہ کی جنرل اسمبلی نے ۱۰ دسمبر ۱۹۴۸ء کا ""انسانی حقوق کا عالمی منشور"" منظور کر کے اس کا اعلان کیا۔ اگلے صفحات پر اس منشور کا مکمل متن درج ہے۔ اس تاریخی کارنامہ کے بعد اسمبلی نے اپنے تمام ممبر ممالک پر زور دیا کہ وہ بھی اپنے اپنے ہاں اس کا اعلانِ عام کریں اور اس کی نشر و اشاعت میں حصہ لیں۔ مثلاً یہ کہ اسے نمایاں مقامات پر آویزاں کیا جائے ۔ اور خاص طور پر اسکولوں اور تعلیمی اداروں میں اسے پڑھ کر سنایا جائے اور اس کی تفصیلات واضح کی جائیں، اور اس ضمن میں کسی ملک یا علاقے کی سیاسی حیثیت کے لحاظ سے کوئی امتیاز نہ برتا جائے"
/content/processed/160.png,اردو رسم الخط زبان کی ساری مروج آوازوں کی نمائندگی کرتا ہے۔ اردو کے حروف بناوٹ کے لحاظ سے حدرجہ سادہ اور اشکال کے اعتبار سے بہت کم ہیں ۔ اردو زبان اپنے الفاظ کی بناوٹ کی بناء
/content/processed/161.png,"بہت سے لوگ تھے مہمان میرے گھر لیکن
وہ جانتا تھا کہ ہے اہتمام کس کے لئے"
/content/processed/163.png,"جو پوچھا گیا میرے خوابوں کا خلاصہ
بے ساختہ میں پکار اُٹھا تیری آنکھیں"
/content/processed/164.png,"نامحرم

اُس کے ہر مؤ سے لپٹا ہوگا اک سانپ
دلکش آنکھیں اس کی داہی جائیں گی
انگگاروں پر ہوگا اُس کا نرم بدن
ایسے جرم کے بعد، رحم کی کیا ہوگی امید اسے
حالانکہ ہر دل پر فدا وہ الہ ہے
اُس کے جان اور جسم کا ہے مختار کوئی محرم، لیکن
اُس کو اک نامحرم اچھا لگتا ہے"
/content/processed/165.png,"اور ہو سکتا ہے ہو تمهارا یقین تمہیں معجزوں

تک لے جائے جب یقین اللہ

کی ذات پر ہو تو دعائیں ادھوری

نہیں رہتی"
/content/processed/166.png,"مجھے صرف ۳ ماہ ہوئے ہیں نستعلیق سیکھ کے۔
آپ کو میری ہینڈ رائٹنگ کیسی لگی؟"
/content/processed/167.png,"میرے وطن کے بابیو !
جیو تو اسطرح جیو
کہ زندگی خراج دے
دعا تمہیں سماج دے
یہ راستے کے پیچ و خم
چلو تو چوم لیں قدم
ہر اک گھڑی کا پیار لو
یہ معاشرہ سدھار لو"
/content/processed/168.png,"اور ہو سکتا ہے ہو تمھارا یقین تمہیں معجزوں

تک لے جائے جب یقین اللہ

کی ذات پر ہو تو دعائیں ادھوری

نہیں رہتی"
/content/processed/169.png,"انہیں دیکھنے کی جو لو لگی تو نصیر
دیکھ ہی لیں گے ہم
وُہ ہزار آنکھ سے دور ہوں
وُہ ہزار پردہ نشین سہی"
/content/processed/170.png,خوش آمدید
/content/processed/171.png,"ٹھنڈ میں ایک قحط زدہ گاؤں سے گزرتے
وقت ایک چڑچڑے، بااثر و فارغ شخص کو بعض
جل پری نما اندھے نظر آئے۔ ایک ٹیلے پر واقع
مزارِ خواجہ فرید الدین شکرگنج رحمتہ اللہ علیہ کے احاطہ صحن
میں ذرا سی ژالہ باری، چاندی کے ڈھیروں کی
مثل بڑے غضب کا نظارہ دیتی ہے۔"
/content/processed/172.png,"سلطان محمود غزنوی نے اپنے غلام ایاز کو
ایک انگوٹھی دی اور کہا اس پر ایسا
جملہ لکھو کہ اگر میں خوشی میں دیکھوں تو
غمگین ہو جاؤں اور اگر غم میں دیکھوں
تو خوش ہو جاؤں
غلام ایاز نے لکھا کہ

یہ وقت بھی گزر جائے گا"
/content/processed/173.png,"جھوٹ بولنے والے
کہیں سے کہیں
بڑھ گئے

اور میں تھا کہ
سچ بولتا رہ گیا"
/content/processed/174.png,"انہیں دیکھنے کی جو لو لگی تو نصیر
دیکھ ہی لیں گے ہم
وُہ ہزار آنکھ سے دور ہوں
وُہ ہزار پردہ نشین سہی"
/content/processed/175.png,"بس ایک بار میرا کہا مان لیجئے
دل چیز کیا ہے آپ مری جان لیجئے"
/content/processed/176.png,جمہوریہ پاکستان ایٹمی طاقت ہے
/content/processed/177.png,شرم کی کشش حُسن سے زیادہ ہوتی ہے۔
/content/processed/178.png,"بہت ملیں گے آپکو ادب و آداب والے
لیکن یاد آئیںگی میری بدتمیزیاں آپ کو"
/content/processed/179.png,"ایڈا سخت مزاج نہ بن ماہی
ہتھ ہو لا رکھ سانوں جیون دے"
/content/processed/180.png,"ریاست اور حکومت

پاکستان ایک ایسا ملک ہے جس کے مخصوص جغرافیہ میں اس خطے میں کثیر تعداد میں لوگ آباد ہیں۔ اور یہاں ایک باقاعدہ نظامِ حکومت موجود ہے۔ ایسا علاقہ جو انسانوں کی آبادی پر مشتمل ہو، جہاں ایک ایسی حکومت قائم ہو جو خود مختار ہو اور جس کا اپنا اقتدارِ اعلیٰ ہو، ریاست کہلاتا ہے۔ ایک ریاست کی ذمہ داری ہوتی ہے کہ وہ اپنے شہریوں کے حقوق کا تحفظ یقینی بنائے اور عوام کی فلاح، خوشحالی اور رزق اور ترقی کے لیے کام کرے۔ کسی ریاست یا ملک کے انتظامات سنبھالنے کے لیے عوام کے نمائندے منتخب کرتے ہیں، جو مل کر ایک حکومت تشکیل دیتے ہیں۔ حکومت سے مراد لوگوں کا ایسا گروہ ہوتا ہے جس کے پاس ریاست یا ملک کے انتظامات سنبھالنے کے اختیارات موجود ہوں۔ حکومت کا بنیادی کام لوگوں کو سہولیات مہیا کرنا ہے۔

حزب اللہ کلاس: ہفتم"
/content/processed/181.png,"نہ جانے کتنی اُمیدیں مر گئیں میرے اندر
اب تو مجھے اپنا دل بھی قبرستان لگتا ہے"
/content/processed/182.png,"اچھا لگتا ہے مجھے پر تو پسندیدہ نہیں
میرا مطلب ہے میں تیرے لیے سنجیدہ نہیں"
/content/processed/183.png,"لمحہ موجود کی قوت

باب 1

آپ وہ نہیں ہیں جو آپ کا ذہن ہے

روشن ضمیری۔۔۔ آخر یہ کیا ہے

ایک فقیر دیمک زدہ جھونپڑے کے کنارے بیٹھا ہوا تھا۔ ایک دن ایک اجنبی وہاں سے گزرا۔ فقیر نے بے دلی سے اپنا پرانا میلا بال کٹورا آگے کیا اور کہا کچھ خیرات دے دو۔ اجنبی نے کہا میرے پاس تمہیں دینے کو کچھ نہیں۔ پھر اس نے پوچھا تم کس چیز پر بیٹھے ہو۔ فقیر نے جواب دیا کچھ نہیں، بس ایک پرانا ڈبہ ہے۔ جب سے یاد ہے اسی پر بیٹھا ہوں۔ اجنبی نے کہا کبھی اندر جھانک کر دیکھا۔ فقیر بولا نہیں کیا دیکھنا ہے اس میں کچھ بھی نہیں۔ اجنبی نے اصرار کیا کہ ذرا اندر تو دیکھو۔ فقیر نے مشکل سے اس کا ڈھکن اٹھایا۔ حیرت خوشی اور بے یقینی کے ساتھ اس نے دیکھا کہ وہ ڈبہ سونے سے بھرا ہوا تھا۔

میں وہی اجنبی ہوں جو تمہیں کچھ نہیں دے سکتا۔ لیکن تمہیں کہہ رہا ہوں کہ اپنے اندر جھانکو۔ کسی ڈبے میں نہیں بلکہ اس سے بھی قریب اپنے ہی اندر۔
میں سن سکتا ہوں کہ تم کہہ رہے ہو مگر میں تو فقیر نہیں ہوں۔
جو لوگ اپنی اصل دولت کو نہیں پہچانتے یعنی ہستی کی روشنی بھری مسرت کو اور اس کے ساتھ آنے والے گہرے اور لاحاصل سکون کو وہ فقیر ہی ہیں۔ خواہ ان کے پاس مادی دنیا کی بے شمار دولت کیوں نہ ہو۔ وہ باہر کی دنیا میں خوشی کے ذرات ڈھونڈتے پھرتے ہیں۔ وہ لوگ جو اپنی اصل دولت کو نہیں پہچانتے وہ باہر سے خوشی کی جھلک کسی منظوری کسی تحفظ یا محبت کے ٹکڑے تلاش کرتے ہیں حالانکہ ان کے اندر ایک ایسا خزا نہ موجود ہوتا ہے جو نہ صرف ان تمام چیزوں کو سمیٹے ہوتا ہے بلکہ دنیا کی ہر پیشکش سے کہیں زیادہ وسیع اور قیمتی ہوتا ہے۔"
/content/processed/184.png,"میرا سبق بن چکے ہو تم
یاد نہ کروں تو سزا ملتی ہے"
/content/processed/186.png,"سری جلد جس کے بارے میں مجھے اور خورشید الاسلام
پہلے کی ایک کڑی ہے جس کا آغاز ہم نے پانچویں دہائی
کا سلسلہ لکھ کر اردو کے بڑے ادیبوں کو انگریزی کی
(Three Mughal Poets) منغل شاعر
میر حسن اور میر تقی میر کی شاعری پیش کی تھی۔ ۱۹۶۸ء
(Ghalib) ""غالب"" جلد اول۔ حیات اور خطوط
۱۹۷۱ء میں ان دونوں ممالک سے بیک وقت شائع ہوئی
کر دیا تھا جس میں غالب کی اردو اور فارسی شاعری کا
پر تبصرہ پیش کیا جانا تھا لیکن ہم اس منصوبے کی طرف"
/content/processed/187.png,"انہیں دیکھنے کی جو لو لگی تو نصیر
دیکھ ہی لیں گے ہم
وُہ ہزار آنکھ سے دور ہوں
وُہ ہزار پردہ نشین سہی"
/content/processed/188.png,"لندن (مانیٹرنگ ڈیسک) اگر آپ سیاحت کے لیے بیرون ملک جانا چاہتے ہیں لیکن اس کے اخراجات برداشت نہیں کر سکتے تو اب اپنا یہ شوق انتہائی سستے داموں پورا کر سکتے ہیں، کیونکہ ایئر پورٹ ٹرانسفر ویب سائٹ ہوپا (Hoppa) نے دنیا بھر کے سیاحتی مقامات پر آنے والے اخراجات کا تجزیہ کر کے سب سے سستی جگہ بتا دی ہے، اور یہ جگہ بلغاریہ کا دارالحکومت صوفیہ ہے۔
ڈیلی سٹار کی رپورٹ کے مطابق ہوپا کے ماہرین نے دنیا بھر کے 84 ممالک کے سیاحتی مقامات پر ہوٹل، ٹیکسی اور کھانے وغیرہ کے اخراجات کا تجزیہ کر کے بتایا ہے کہ ان 84 ممالک میں صوفیہ سب سے سستی جگہ ہے۔

اگر کسی لڑکی کو پہلی مرتبہ ٹیکسٹ مسیح بھیج رہے ہوں تو اپنے پیغام میں کبھی بھی یہ ایک چیز نہ لکھیں 'جدید تحقیق"
/content/processed/189.png,"تہذیب کس بلا کا نام ہے، انسانیت
کے سرد لوہے پر جما ہوا زنگ۔۔۔
منٹو"
/content/processed/190.png,"قومي موومنٹ کے قائد الطاف حسین اور اردو بولنے والوں
داخلہ کمیٹی کا مذکورہ مسائل پر ایک اجلاس بھی نہیں
با قاعدہ اظہار کر رہی ہیں ۔ ایک اور مراسلہ کے بارے میں بتاتے
ڈالر کی قدر میں اضافہ ہو گیا تاہم یورپی ممالک کی
اہم کرنسیوں بشمول یورو اور برطانوی پاؤنڈ کی قدر میں"
/content/processed/191.png,"لندن (مانیٹرنگ ڈیسک) اگر آپ سیاحت کے لیے بیرون ملک جانا چاہتے ہیں لیکن اس کے اخراجات برداشت نہیں کر سکتے تو اب اپنا یہ شوق انتہائی سستے داموں پورا کر سکتے ہیں، کیونکہ ایئر پورٹ ٹرانسفر ویب سائٹ ہوپا (Hoppa) نے دنیا بھر کے سیاحتی مقامات پر آنے والے اخراجات کا تجزیہ کر کے سب سے سستی جگہ بتا دی ہے، اور یہ جگہ بلغاریہ کا دارالحکومت صوفیہ ہے۔

ڈیلی سٹار کی رپورٹ کے مطابق ہوپا کے ماہرین نے دنیا بھر کے 84 ممالک کے سیاحتی مقامات پر ہوٹل، ٹیکسی اور کھانے وغیرہ کے اخراجات کا تجزیہ کر کے بتایا ہے کہ ان 84 ممالک میں صوفیہ سب سے سستی جگہ ہے۔

اگر کسی لڑکی کو پہلی مرتبہ ٹیکسٹ مسیح بھیج رہے ہوں تو اپنے پیغام میں کبھی بھی یہ ایک چیز نہ لکھیں 'جدید تحقیق"
/content/processed/192.png,"ایک مقبول پلیٹ فارم ہے جہاں صارفين ایک ہی جگہ پر اردو نستعلیق فونٹس اور نستعلیق اردو فونٹ ڈاؤن لوڈ کے بہترین آپشنز تلاش کر سکتے ہیں۔ اردو نستعلیق صرف ایک فونٹ اسٹائل نہیں بلکہ ایک ثقافتی شناخت ہے جو پاکستان اور دنیا بھر میں اردو زبان کی خوبصورتی کی نمائندگی کرتی ہے۔

اس مکمل گائیڈ میں آپ اردو نستعلیق فونٹس کے بارے میں ہر وہ معلومات حاصل کریں گے جن میں ان کے استعمال، فوائد اور انہیں مفت ڈاؤن لوڈ کرنے کے طریقے شامل ہیں۔ چاہے آپ ڈیزائنر ہوں، لکھاری، طالب علم یا پبلشر، یہ مضمون آپ کو اعتماد کے ساتھ بہترین فونٹ منتخب کرنے میں مدد دے گا۔"
/content/processed/193.png,"روزنامہ راشٹریہ سہارا
کولکاتا، 18 نومبر 2013، پیر

شنکر سنگھ واگھیلا کے بیان کی تردید
پریس ریلیز

گزشتہ دنوں کانگریس کے لیڈر سابق مرکزی وزیر و سابق وزیر اعلیٰ گجرات شنکر سنگھ واگھیلا نے ایک پریس کانفرنس میں جماعت احمدیہ مسلمہ کے تعلق سے نہایت ہی نفرت پر مبنی بیان دیا ہے۔ جماعت احمدیہ پرزور الفاظ میں شنکر سنگھ واگھیلا کے بیان کی تردید کرتی ہے اور اسے جھوٹ اور نفرت پر مبنی قرار دیتی ہے۔

جماعت احمدیہ ایک خالص مذہبی جماعت ہے جو مذہب کو سیاست سے الگ رکھتی ہے۔ جماعت احمدیہ کسی بھی سیاسی پارٹی کے ساتھ کبھی منسلک نہیں ہوئی۔ وطن عزیز سے محبت ہر احمدی مسلمان کے ایمان کا جزو ہے۔ آزاد ہندوستان کی تاریخ گواہ ہے کہ آج تک ہندوستان میں کبھی بھی کسی جگہ کسی بھی نوعیت کے فساد، دہشت گردانہ مہم، ملک کے خلاف سازش اور غیر قانونی کاموں میں جماعت احمدیہ ملوث نہیں رہی۔ ہندوستان ہی نہیں بلکہ دنیا کے ہر اس ملک (جہاں جہاں احمدی مسلمان بستے ہیں) کی پولس اور سراغرسان ایجنسیاں جماعت احمدیہ کی حب الوطنی اور حرکات سے بہت اچھی طرح واقف ہیں۔ شنکر سنگھ واگھیلا کے بیان سے لگتا ہے کہ وہ پاکستان کی سیاست اور حقوقِ انسانی کو سلب کرنے والی انتہا پسند پالیسی سے کافی متاثر ہیں۔

آخر میں عزت ماب وزیر اعظم منموہن سنگھ صاحب اور کانگریس کی چیئر پرسن محترمہ سونیا گاندھی صاحبہ سے گزارش کی جاتی ہے کہ وہ اپنی پارٹی کے لیڈر شنکر سنگھ واگھیلا کے لگائے گئے بے بنیاد اور گھٹیا الزامات کی نوٹس لیں اور آئندہ ووٹ لینے کی خاطر کسی بھی فرقہ / جماعت پر جھوٹا الزام لگا کر اس عقیدے کے لوگوں کی جان کو خطرے میں ڈالنے سے پرہیز کرنے کی تلقین کریں۔

پریس سیکریٹری عبدالحمید کریم
احمدیہ مسلم جماعت کوکاتا"
/content/processed/194.png,اردو
/content/processed/195.png,"""اور میرے باپ نے مجھ سے کہا تھا کہ اپنے باپ اور بھائی کے علاوہ کسی بھی مرد کے ساتھ کھانا کھانا۔
ایسے اپنا بل خود دینا، تمہیں ہرگز فہمی اور اسے ہر غلط فہمی سے دور رکھے گا... اس لئے یہ میرے حصہ کا بل خود دینا، یہ تمہیں ہر خوش فہمی اور اسے ہر غلط فہمی سے دور رکھے گا۔ مسکرائی وہ اب بھی تھی۔ ہشام چند لمحوں کے لاجواب ہوا تھا۔۔۔ وہ بڑا مہنگا ریسٹورنٹ تھا جہاں وہ اسے لے کر آیا تھا اور وہ جب کسی لڑکی کو وہاں"
/content/processed/196.png,عجیب ہی بن جاتا ہے۔ لرزاتا ہے۔ جس سے محبت کی جائے' وہ اگر نہ ملے تو پھر وہ چاہ رہا ہے۔ بس مرنے نہیں دیتا۔ موت جیسی نعمت حاصل ہونے نہیں دیتا۔ مریم! میرا دل اچھالوں اور پھر جب وہ زور سے بھڑکتے ہوئے الاؤ میں گریں اور شعلے
/content/processed/198.png,"ایک گاؤں میں ایک اجنبی شخص آیا اور اس نے اعلان کروایا کہ وہ گاؤں والوں سے ایک بندر 10 روپے میں خریدے گا۔ اس گاؤں کے ارد گرد بہت زیادہ بندر تھے، دیہاتی بہت خوش ہوئے، انہوں نے بندر پکڑنا شروع کر دیے۔ اس آدمی نے ایک ہزار بندر 10،10 روپے کے بدلے میں خریدے، اب گاؤں میں بندروں کی تعداد کافی کم ہو چکی تھی، چند ایک بندر باقی تھے جنہیں پکڑنا دشوار ہو گیا تھا۔

اس وقت تاجر نے اعلان کیا کہ اب وہ بندر 20 روپے میں خریدے گا، اس سے دیہاتیوں میں نیا جذبہ پیدا ہوا اور ایک دفعہ پھر انہوں نے پوری قوت سے بندر پکڑنا شروع کئے۔ چند دن بعد بندر اککا دکا ہی نظر آتے اور اس کے آنے ہوۓ تاجر کے ایک بڑے پنجرے میں تقریباً 1300 بندر جمع ہو چکے تھے۔ جب تاجر نے بندروں کی خریداری میں سستی دیکھی تو اس نے فی بندر قیمت پہلے 25 روپے مقرر کی اور پھر اگلے دن قیمت 50 روپے کر دی۔ اس قیمت میں اس نے صرف 9 بندر خریدے ۔ اب جو بندر بھی نگاہ انسانی کی زد میں آتا، داخل زندان کر دیا جاتا اسکے بعد وہ کام کے سلسلے میں کسی دور دراز شہر چلا گیا اور اسکا اسٹنٹ کام سنبھالنے لگا۔

اسکی غیر موجودگی میں اسکے اسسٹنٹ نے دیہاتی"
/content/processed/199.png,عيدکم مبارک
/content/processed/200.png,"خود پر رونے سے تو وجود ہلکا ہو جاتا ہے، روح کو سکون ملتا ہے، اور روح جب آنسوؤں کو ہمیشہ کیلئے پاک ہو جاتی ہے۔ پھر نہ کوئی دعاروہوتی ہے نہ کوئی التجا خالی جاتی ہے۔"
/content/processed/201.png,"""نائس ٹو میٹ یو جبل اجلال خان۔"" وہ مسکراتے ہوئے سادگی سے کہہ رہی تھی۔"
/content/processed/202.png,"""Why don't you just get of our life"" (تم ہماری زندگی سے نکل کیوں نہیں جاتے) وہ یکدم چلائی۔
عمر بات کرتے کرتے رک گیا۔ ""میں تمہاری زندگی سے پہلے ہی نکل چکا ہوں۔""
""ہم دونوں بہت اچھے دوست رہ سکتے ہیں عشیو...! ہم کبھی بہت اچھے دوست تھے۔"" اس نے اس بار قدرے دہم آواز میں کہا۔
""نہیں ہم دونوں کبھی بھی دوست نہیں تھے۔ ہم دونوں آئندہ بھی کبھی دوست نہیں رہ سکتے۔"" علیبہ نے فیصلے کن انداز میں کہا۔
""تم مجھے اپنے اور جنید کے درمیان کبھی نہیں پاؤگی۔ میں اس سے دوبارہ نہیں ملوں گا۔ کیا اس کے بعد تم میرے لیے اپنا دل صاف کر سکتی ہو؟""
""نہیں...""
""میرے لیے تم ایک بہت خاص دوست ہو، تم مجھے کیا سمجھتی ہو کیا نہیں، میں اس کے بارے میں کچھ نہیں کر سکتا مگر کم از کم میرے لیے تم ہمیشہ ہی خاص رہوگی اور اگر کبھی پوری دنیا بھی تمہارے خلاف ہو جائے تو تم یہ یاد"
/content/processed/203.png,"بہت انتظار کیا تھا اس نے۔۔ ساڑھے چار سال سے بھی اوپر۔۔ وہ اب جا کر ملی تھی۔ ہوش کھونا تو بنتا تھا۔ اس نے ایک عمر گزار دی تھی اپنی ساری کائنات ایک لڑکی پر وار دی تھی بنا دیکھے، اور اب دیکھنے کا وقت ہو چکا تھا اور روحان۔ جمیل کے ہونٹوں پر زندگی سے بھر پور خوبصورت مسکراہٹ دوڑ رہی تھی۔"
/content/processed/204.png,شاہین
/content/processed/205.png,عمران
/content/processed/206.png,سرائیکی
/content/processed/207.png,اپریل
/content/processed/208.png,"ماریہ نذیر ..... بھاگٹانوالہ
اماں ابا

(بزرگوں سے روایت ہے کہ اماں ابا کی لڑائی کا آغاز شادی کے دوسرے روز ہی ہو گیا تھا۔ جب اماں نے منہ دکھائی میں دی ہوئی ابا کی سونے کی انگوٹھی کو چیک کرایا تو وہ دو نمبر نکلی...... اماں نے ابا سے شکوہ کیا تو وہ قرآن اٹھانے پر تیار ہو گئے کہ انگوٹھی دو نمبر نہیں ہے۔ احتیاطاً انگوٹھی کو دوبارہ چیک کرایا گیا تو ابا کا کہا سچ نکلا۔ انگوٹھی واقعی دو نمبر نہیں بلکہ تین نمبر تھی۔ اماں نے غصے سے انگوٹھی اتار کر ابا کے ماتھے پر ایسی تاک کر ماری کہ وہاں سیاہ نشان بن گیا۔ بزرگوں کی بات پر اس لیے بھی یقین کرنا پڑتا ہے کہ یہ نشان ابا کے ماتھے پر تاحال موجود ہے، تاہم ابا اسے بزر دلائل ""محراب"" کہتے ہیں)۔

(گل نوخیز اختر ..... ٹائیں ٹائیں فش)
اقراء سرور ..... ڈی جی خان"
/content/processed/209.png,"ہت سے لوگ تھے مہمان میرے گھر لیکن
وہ جانتا تھا کہ ہے اہتمام کس کے لئے"
/content/processed/210.png,"اجازت دینا گوارا کر سکتا ہے اس بنا پر تو با نوا فقیروں کی تمام تر بیہودہ صدائیں بھی خلاف شرع نہ ہوں گی، تو شرع کیا، ہو نا بچوں کا کھیل ہوا جب چاہا بنا لیا جب چاہا مٹا دیا پھر یہ کہ آپ کی ذات مقدسه پر علم غیب کا حکم کیا جانا اگر بقول زید صحیح ہو تو دریافت طلب یہ امر ہے کہ اس غیب سے مراد بعض غیب ہے یا کل غیب، اگر بعض علوم غیبیہ مراد ہیں تو اسمیں حضور کی ہی کیا تخصیص ہے ایسا علم غیب تو زید و عمر و بلکہ ہر صبی و مجنون بلکہ جمیع حیوانات و بہائم کے لئے بھی حاصل ہے کیونکہ ہر شخص کو کسی نہ کسی ایسی بات کا علم ہوتا ہے جو دوسرے شخص سے مخفی ہے تو چاہئے کہ سب کو عالم الغیب کہا جاوے ۔ پھر اگر زید اس کا التزام کر لے کہ ہاں میں سب کو عالم الغیب"
/content/processed/211.png,"اسلام دو ہیں، ایک مولوی کا جاہل اسلام دوسرا اللہ کا علم اور عمل میں گوندھا ہوا اسلام۔ بدنسمتی سے رائج اسلام مولوی کا اسلام ہے۔ اسی لئے مسلمان تیزی سے تباہ ہو رہا ہے۔ ماڈرن لائف اسے قبول نہیں کر رہی وہ بنیاد پرست اور ""فنڈامینٹلسٹ"" بن کر رہ گیا ہے۔ پاکستان میں اگر دس ہزار مساجد ہیں تو ہر مسجد میں ایک جاہل اور ان پڑھ شخص اسلام کے بارے میں ""ڈس انفارمیشن"" پھیلا رہا ہے اور اسے روکنے والا کوئی نہیں اور تو اور اسلام آباد کی لال مسجد میں جہاں ہر نمازی 20 گریڈ کا افسر ہوتا ہے امام خطبہ دیتا ہے تو کہتا ہے جرافیں پہن کر نماز پڑھنے سے نماز فسق ہو جاتی ہے اور سینکڑوں کے مجمع سے کوئی ایک شخص بھی کھڑا ہو کر اس مولوی کو اس جہالت پر نہیں ٹوکتا اور کوئی تو کہنے کی جرات کرے بھی کیسے جو کھڑا ہو گا وہ رشدی بن کر قابل گردن زنی ہو جائے گا۔ اس کا مردہ تک جلا دیا جائے گا۔ خدا جس قدر وسیع قلب ہے مولوی اسے اسی قدر تنگ نظر بنا کر پیش کر رہا ہے۔ مجھے خطرہ ہے کہیں مولوی سے نفرت ہماری آئندہ نسل کو عیسائیت، یہودیت یا دہریت قبول کرنے پر مجبور نہ دے۔ شہریت تو ہماری نسل تبدیل کر رہی ہے۔ اصل اسلام امن ہے آشتی ہے، رواداری ہے، وسیع القلبی ہے۔ وہ سارے وصف جو نبی اکرم کے تھے اسلام کی بنیاد ہیں جو اسلام اختلاف رائے کی اجازت نہیں دیتا ""کفار مکہ"" کے اعتراضات کو خندہ پیشانی سے برداشت نہیں کرتا اسلام نہیں ہو سکتا بلکہ وہ تو مذہب بھی نہیں ہو سکتا۔ کیا مولوی کا اسلام اس کسوٹی پر پورا اترتا ہے؟ جواب دیں اگر آپ نے آج جواب نہ دیا تو کل کو آپ کو جواب دینا ہی پڑے گا لیکن مجھے افسوس ہے میں آپ کا جواب سننے کے لئے موجود نہیں ہوں گا۔

ممتاز مفتی"
/content/processed/212.png,"बाबा جان کو ٹیرس کے مرچانے پر اتنی حیرت نہیں ہوئی تھی جتنی اپنے زندہ ہونے پر ہوئی تھی۔ سر ہلا کر وہ پشت سے لگا کر ٹیرس کی تختیوں کو دیکھتے ہوئے وہ اپنے آنی جانے کا سوگ مناتے رہے۔ حیران عشوا ہو رہا تھا لیکن بابا جان کی زندگی کے اندھیروں کو روشن کرنے والی طاقت اب کسی سورج میں نہیں تھی، ڈھلک رہے تھے نور ابدی دروازہ کھول کر اندر آنے لگے اور چلنے والے بابا جان کے سامنے جا کر کھڑے ہو گئے۔ بابا جان نے ان کی طرف دیکھا اور انہوں نے بابا جان کے سینے پر سر رکھ دیا۔
""آپ کون اور کہاں ہیں بابا جان؟"" انہوں نے حیرت سے استفسار کیا۔ ""بیٹی کی صورت کا دھوکہ! آپ کو نہیں سکتا تو کریں خوشی کے آنسوؤں...""
""کیا کہہ رہے ہو! حسن کی تو جیسے کسی نے گردن پر چھری رکھ دی ہو۔""
""مرجاؤں گی تو تمھیں اوندھوں پر الٹا کر اپنے ہاتھوں سے دفنا آؤں گا۔"" توڑا اہرائی قہر غضب کر ڈالے۔ بابا جان نے سانس تہمک لیا۔"
/content/processed/213.png,سَنَدِی
/content/processed/214.png,"بسم اللہ الرحمن الرحیم

کسی بھی تحریک میں اس کے کارکن ریڑھ کی ہڈی کی حیثیت رکھتے ہیں اور یہ بھی امر واقعہ ہے کہ اگر تحریک کو مثالی بنانا ہے تو کارکنوں کو سیرت و کردار، اخلاق و اعمال اور قوت کارکردگی ہر پہلو سے مضبوط ہونا بھی لازمی اور ضروری ہے۔ کیوں کہ تحریک کا اصل سرمایہ کارکن ہیں۔ کارکنوں کی قوت کارکردگی جتنی اچھی ہو گی اور اخلاقی صفات سے وہ جتنے زیادہ مزین ہوں گے، تحریک اتنی ہی مستحکم ہو گی اور لوگ اس کی طرف کھنچیں گے۔ نیز اس کے برعکس کارکن جتنے تن آسان اور سیرت و کردار کے معاملے میں جتنے کم زور ہوں گے، تحریک اتنی ہی کھوکھلی ہوتی چلی جائے گی۔ اس لیے ان کی تنظیم و تربیت کی طرف خاص توجہ کی ضرورت ہے۔

مقصد کا شعور
اس سلسلے میں سب سے پہلے تو میں کہوں گا کہ کارکنوں کو اپنے مشن اور اپنے نصب العین کا صحیح شعور ہونا چاہیے۔ آپ کو یہ بھی معلوم ہونا چاہیے کہ آپ زمین پر اللہ کے خلیفہ اور داعی حق ہیں، بلکہ اس سے بھی آگے آپ شاہد حق بھی ہیں۔ یعنی حق کی گواہی دینا، تمام بندگان خدا کو خدا کی طرف بلانا اور لوگوں کو اسلام کی دعوت دینا آپ کا نصب العین ہے۔ یہ آپ کی ڈیوٹی ہے، یہی آپ کا منصب ہے، جیسا کہ خود اللہ تعالیٰ نے فرمایا ہے:

كُنْتُمْ خَيْرَ أُمَّةٍ أُخْرِجَتْ لِلنَّاسِ تَأْمُرُونَ بِالْمَعْرُوفِ وَتَنْهَوْنَ عَنِ الْمُنْكَرِ وَتُؤْمِنُونَ بِاللَّه
(آل عمران: ۱۱۰)

""تم بہترین امت ہو، جسے لوگوں کے لیے پیدا کیا گیا ہے۔ تم نیکی کا حکم دیتے ہو، بدی سے روکتے ہو اور اللہ پر ایمان رکھتے ہو۔""

بہترین امت کا مطلب ہے کہ آپ دنیا میں اعلیٰ اخلاق کا نمونہ ہوں، صادق القول"
/content/processed/215.png,"اخبار بینی کے فوائد

""اخبار"" سننے میں تو یہ صرف ایک لفظ ہے لیکن اگر اس پر غور کیا جائے تو یہ دنیا کی سب سے مفید چیزوں میں سے ایک ہے۔ وہ اس لئے کہ اس سے ہم ملکی اور غیر ملکی خبروں سے باخبر رہتے ہیں۔ یوں تو اخبار بینی کے بے شمار فوائد ہیں مگر ان میں سے چند فوائد پیش خدمت ہیں۔

جب آپ صبح صبح اپنے گھر پر آیا ہوا تازہ اخبار اٹھاتے ہیں تو آپ دنیا بھر کی تازہ ترین خبروں سے واقف ہو جاتے ہیں۔ اس کا مطلب یہ ہے کہ اخبار میں دنیا بھر کی تازہ ترین خبریں تحریر ہوتی ہیں۔ ایک اور فائدہ یہ ہے کہ آپ اپنے ملک کے حالات سے آگاہ ہو جاتے۔ یعنی آپ کو پتہ ہوتا ہے کہ کس طرف کیا چل رہا ہے۔ یہ ہم پاکستانیوں کے لئے تو خاص طور پر ضروری ہے۔ کیونکہ جس طرح کے حالات ملک میں چل رہے ہیں اس میں تو ہمیں گھر سے نکلنے سے پہلے ہر طرف کے حالات سے باخبر ہونا چاہئے۔ اس کے علاوہ ہمیں اپنی حکومت کے نئے منصوبوں کا علم ہو جاتا ہے۔ اس سے ہمیں پتہ رہتا ہے کہ ہماری حکومت کوئی بہتر کام کر رہی ہے یا نہیں۔ ہمیں اخبار سے چیزوں کی قیمتوں کا بھی علم رہتا ہے۔ اس کے علاوہ رنگ برنگے اشتہارات کے صفحات سے ہمیں مناسب نوکریاں خوبصورت گھر اور پسندیدہ سستی گاڑیاں ڈھونڈنے میں بھی بہت مدد ملتی ہے۔ بازار میں جو نئی چیزیں آتی ہیں ان کا بھی علم ہوتا ہے۔

ہمیں اخبار سے سماجی خبروں کا بھی علم رہتا ہے۔ اس کے علاوہ کھیلوں کے صفحات کے ذریعے دنیا بھر کے دلچسپ کھیلوں کے بارے ہر لمحہ آگاہی رہتی ہے۔ خاص طور پر مجھے اپنے پسندیدہ کھیل کرکٹ کی معلومات رہتی ہیں۔ ہمیں ریڈیو اور ٹی وی کے مزے دار پروگرام کا بھی معلوم چلتا رہتا ہے اور ہم اچھے علمی مضامین کو بھی پڑھ سکتے ہیں۔ اخبار بینی کرنے کے بہت سے فوائد ہیں۔ ہمیں اس سے بھر پور فائدہ اٹھانا چاہئے۔

سامعہ رضا
ہفتم-پی"
/content/processed/216.png,"گرین پر پی ٹی سی سرٹیفیکیٹ کی فیس 800، نقل اراضی ریکارڈ 51 ہزار، اور رجسٹرڈ ڈیڈ کی نقل 1400 روپے میں فراہم کی جائیگی

ای- رجسٹریشن اوکل کمیشن تقرری فیس 6700، اور ریونیو کورٹس مینجمنٹ سسٹم کے ذریعے مقدمہ کی فیس 3500 روپیہ مقرر"
/content/processed/217.png,"اجازت دینا گوارا کر سکتا ہے اس بنا پر تو با نوا فقیروں کی تمام تر بیہودہ صدائیں بھی خلاف شرع نہ ہوں گی، تو شرع کیا، ہو نا بچوں کا کھیل ہوا جب چاہا بنا لیا جب چاہا مٹا دیا پھر یہ کہ آپ کی ذات مقدسه پر علم غیب کا حکم کیا جانا اگر بقول زید صحیح ہو تو دریافت طلب یہ امر ہے کہ اس غیب سے مراد بعض غیب ہے یا کل غیب، اگر بعض علوم غیبیہ مراد ہیں تو اسمیں حضور کی ہی کیا تخصیص ہے ایسا علم غیب تو زید و عمر و بلکہ ہر صبی و مجنون بلکہ جمیع حیوانات و بہائم کے لئے بھی حاصل ہے کیونکہ ہر شخص کو کسی نہ کسی ایسی بات کا علم ہوتا ہے جو دوسرے شخص سے مخفی ہے تو چاہئے کہ سب کو عالم الغیب کہا جاوے ۔ پھر اگر زید اس کا التزام کر لے کہ ہاں میں سب کو عالم الغیب"
/content/processed/218.png,دستور ساز اسمبلی کا پہلا اجلاس 22 فروری 1948ء کو ہوا جس کی صدارت قائد اعظم نے کی۔ 23 فروری کو دستور ساز اسمبلی کے اراکین نے حلف اٹھایا اور اسی روز فیڈرل کورٹ (سپریم کورٹ) کے قیام کا اعلان ہوا۔ 25 فروری 1948ء کو دستور ساز اسمبلی نے اردو کو پاکستان کی قومی زبان قرار دیا۔ وزیر اعظم لیاقت علی خان نے کہا کہ صرف اردو ہی مغربی اور مشرقی پاکستان کو متحد رکھ سکتی ہے۔ دو تین بنگالی اراکین کے علاوہ دستور ساز اسمبلی کے دوسرے بنگالی اراکین نے اردو کے حق میں تقریریں بھی کیں اور ووٹ بھی دیے۔ دستور ساز اسمبلی کے اس فیصلے کے خلاف مشرقی پاکستان خاص طور پر پڑا تھا کہ میں ردعمل ہوا۔ طلبہ نے سڑکوں پر احتجاج کیا اور بنگالی کو اردو کے ساتھ ساتھ قومی زبان بنانے کا مطالبہ کیا۔ شواہد موجود ہیں کہ ان ہنگاموں میں ہندوستان کا ہاتھ پس پردہ اپنا کردار سرانجام دے رہا تھا جسے قائد اعظم نے اپنی تقاریر میں بے نقاب کیا۔ انہوں نے طلبہ اور مشرقی پاکستان کے عوام کو نہ صرف دشمن ہمسایے کے عزائم سے آگاہ کیا بلکہ صوبائیت کے زہر سے بچنے کی بھی تلقین کی۔ جہاں تک مجھے یاد پڑتا ہے مشرقی
/content/processed/219.png,صرف ایک انسان کے ہونے یا نہ ہونے سے پورا منظر بدل جاتا ہے-
/content/processed/220.png,"اعمال کے نتائج ہوتے ہیں، جو بھگتنے پڑتے ہیں۔"
/content/processed/221.png,"وہ پاگل لوگ پھر جمہوریت کے آگے ہیں۔ اور آمریت کا المیہ ہے کہ اسے زورگھڑتا آکر مرتا تھا، وہ پانچ لوگ پھر جمہوریت کے آگے جھکتے ہیں-"
/content/processed/222.png,باب حضرت امام حسین اور وہ ان کے جد امجد یعنی حضرت علی سے نقل کرتے ہیں کہ نبی صلی اللہ علیہ وسلم نے فرمایا کہ میں آدم علیہ السلام کے پیدا ہونے سے چودہ ہزار برس پہلے اپنے پروردگار کے حضور میں ایک نور تھا۔ ف اس عدد میں کم کی نفی ہے زیادتی کی نہیں پس اگر زیادتی کی روایت نظر پڑے شبہ نہ کیا جائے۔ رہ گئی تخصیص اس کے ذکر میں سو ممکن ہے کہ کوئی خصوصیت مقامیہ اسکو مقتضی ہو۔ چھٹی روایت۔ ابی سہل قطان کی امالی کے ایک جزو میں سہل بن صالح ہمدانی سے روایت ہے وہ کہتے ہیں میں نے ابا جعفر محمد بن علی (یعنی امام محمد باقر) سے پوچھا کہ رسول اللہ صلی اللہ علیہ وسلم کو سب انبیار سے تقدم کیسے ہو گیا حالانکہ آپ سب کے آخر میں مبعوث ہوئے انہوں نے جواب دیا کہ جب اللہ تعالیٰ نے بنی آدم سے یعنی ان کی پشتوں میں سے ان کی اولاد کو (عالم میثاق میں) نکالا اور ان سب سے ان کی ذات پر یہ اقرار لیا کہ کیا میں تمہارا رب نہیں ہوں تو سب سے اول (جواب میں) بلی (یعنی کیوں نہیں) محمد صلی اللہ علیہ وسلم نے کہا اور اسی لئے آپ کو سب انبیار سے تقدم ہے گو آپ سب سے آخر میں مبعوث ہوئے۔ ف اگر میثاق لینے کے وقت ارواح کو بدن سے تلبس بھی ہو گیا ہو تا ہم احکام روح ہی کے غالب ہیں اسی لئے اس روایت کو کیفیات نور میں لانا مناسب سمجھا اور اور پر شعبی کی روایت میں آپ سے قبل آدم میثاق لیا جانا مذکور ہے اور یہ میثاق الست بربکم ظاہر روایت سے بعد خلق آدم معلوم ہوتا ہے سو ممکن ہے کہ وہ میثاق نبوۃ کا بلا اشتراک غیرے ہو جیسا کہ اس حدیث کے ذیل میں اس طرف اشارہ بھی کیا گیا ہے۔ ساتویں روایت جب آپ غزوہ تبوک سے مدینہ طیبہ میں واپس تشریف لائے
