image,text
/content/processed/0.png,"اور بنوں ( نما حر جنپ , اے الف فی ) بوں میں اثوام مب راشییل اور"
/content/processed/1.png,کے سا تھ میق علا تے کے عوام نے می وکس
/content/processed/2.png,کی لوڈشی ےہ۰ ٹساف مظاہرہہکیا۔ اومٹس تشد سے ایک وجوان
/content/processed/3.png,مفشور علی جاں بن اور 2خ ا تین سیت 14 افراوز تھی ہو گئۓ_
/content/processed/4.png,لا تے نہیں کر ٹم ماف رد ما گیا سے میئینوں نے الٹرام
/content/processed/5.png,گا ماکہ لوھڈ سکی فائ نگ سے شش ری ہلاٹ ہو اجس
/content/processed/6.png,ول س کا کنا ےکہ مظاہ رین میں می نے جم
/content/processed/7.png,راہ راست فائ رن۲ گی اور فائ رلک کے تار نے ہے
/content/processed/8.png,ملح میں ایک شر ی ملاک ہوگیا۔ مفصیدات کے مطا لی بنوں
/content/processed/9.png,میس اقوام می راشبیل اور ا کے سا تجھ محقہ عا تے کے عوام
/content/processed/10.png,نے مھ وکا سکیلوڈشی ےنگ سراف مظاہر دہکا۔ مظائ من نے
/content/processed/11.png,مظاہہ رد کے دوران بوںل ڈیر و روڈ ملاک گر دی اور سڈ
/content/processed/12.png,ای کرنے سے انار تقردماء مظاہ ریگ نک روڈ سے ہل اے
/content/processed/13.png,کیا بیس نے مظاہ بین پہ لا شی حا رج اور فائ رم۰ کی
/content/processed/14.png,نس سے اٹ موجوان مفشقور لی جاں جن اور 2
/content/processed/15.png,خوابین سیت 14 افراوز کی ہوہے۔ ز خیو ں کور می اتال
/content/processed/16.png,تل کرد مایا بنوں اور ڈیر :اس شیل ان ضع کو
/content/processed/17.png,ان وا لی م رک زی شاہ را یر کر یوما تخرد ماگیا سے ہنوںل
/content/processed/18.png,میں تشرداس وقت شر و ہو اجب 00 5 کے لک یک
/content/processed/19.png,مار مین نے مصروف شاہمر اہ لال قردیی اور ا لی کرنے سے
/content/processed/20.png,انار کردا مظاہ رین نے شناہ راہ کو ےکن کٹ بات رکھھا۔ ا یڑ س کا
/content/processed/21.png,کنا ےکہ ایک نف فائ ریگ سے ماد نے کے من
/content/processed/22.png,یں جاں بن ہوا یہ مینوں کا الام ےک
/content/processed/23.png,مظاہ رن ملیں سے ایک خنص موا سکی فائ رکٹ سے بلاکٹ
/content/processed/24.png,ہوا ے۔ بنوں کے اب لوس اف ر نے اے الف لی
/content/processed/25.png,و چنا )کہ لیس نے مظظاہ رم نی کو مضتنظ رن ےکمیلنۓ (ا تھی
/content/processed/26.png,ار او رآ نم وکس ہے شیل فوئر کے جس ہے
/content/processed/27.png,اب میں مظاہ رن نے لوس پر پپھ راو شر و ع کرو ما۔ بنوں کے
/content/processed/28.png,کٹ او روٹس افسرنے بت اککہ فائ رن ہ لہ مظاہ رین
/content/processed/29.png,میس ےکی نے گوس پہبراہ راس تگی۔ انہوں
/content/processed/30.png,ن ےکھاکہ کوکٹیس نے ما رم نقکو من رن ےکسلئے
/content/processed/31.png,ہوائی فائ رک۰ کی ۔اخوں نے کہ مظامر من نے می
/content/processed/32.png,کے گرڈ ا بیشن پر مل کیا۔
/content/processed/33.png,22 (اٹاکف رورز) میرم وی موومنٹ کے مر
/content/processed/34.png,الطاف بن نے وا رع اور دوٹوکٹ الفاظ می ںکما ےک کوکی
/content/processed/35.png,بھی مسلمان ارد نقالی کے محبوب اور نچ یآخ ال راں حضرت
/content/processed/36.png,مر مصطف لاگ کی شمان می ں تنا تی کزان کیا ا سک
/content/processed/37.png,"تصور بھی کییں کر سکا, کہ پاکتنان میں رج وی"
/content/processed/38.png,فلیتیں بھی ارد و والم ا کی شان می گنا خی غہیں ک رسسیں ایز
/content/processed/39.png,میں تام مسرائیک سے مع رن والے مم ٢بی‏ ر ہنماوں سے
/content/processed/40.png,درخواست کرجاہو ںکہ ود دز |شنلحم بوسف رضاگیلا یک اس دا
/content/processed/41.png,"- مو
بن دبا لی کے بح دکہ ما موس رسالہ اصع"
/content/processed/42.png,"سی بھی مت مکی تیم ما تد کی کی ں کی جارجی ے,"
/content/processed/43.png,ہے مظاہمروںکیاسلسملہ شخمکرومیں۔ انہوں نے تام یی وگگز
/content/processed/44.png,اور شعے جات کے ارکالن سیت تام زمہ داروںل او رکا رکنول
/content/processed/45.png,"ے
کماکہ دومن بی
0ت

داری اور ٹڈ

در وارا:

رانہ بآ چجگی"
/content/processed/46.png,کے ف ور غکسل جک یکگی ارز میقنک کا انعتقا کرش اضموں
/content/processed/47.png,ے النح خمالا تکا اظہمار ائھم کی واج کے مھ کہ مان
/content/processed/48.png,زیر وب اگ کیو اب کے لف شعبہ جات کے ارکان
/content/processed/49.png,کے اجلا س سے شیاوان پر خطاب کرت ہہ وت ےکیا۔ ات
/content/processed/50.png,لر اگی زخطاب میں الطاف بین ن ےکچماککہ الام کے من
/content/processed/51.png,ئن اور لا نی ' ہیں الام صرف مسلماوں بجی
/content/processed/52.png,کے میں بکہ خمام مم اہب کے ات را ماد رس دبتاے۔
/content/processed/53.png,قرآن مجی میں الد تما یٰ کافرمان مالیئل دا جع ےک مرجم
/content/processed/54.png,بب ر ادن میہرے سا تجھ ہ تھہمارادگن تہارے سا تجھ '۔ فرآن چیرنم!یں
/content/processed/55.png,"ای اور جچلہ الد تھا یی کاغرمان ‏ ےک"""
/content/processed/56.png,قرجمہ : وین میں کوکی ج رکھیں '۔ اللہ تعالی اہ
/content/processed/57.png,اس فرمان میں صاف ‏ ہظوں مْں بنا ما ےک الام
/content/processed/58.png,تاور اشنا پہندکی کا کی اعننرال پین ری کاد رس دتاے ‏ مم ىی
/content/processed/59.png,جا پنری اسلا مکی تخلیما تکی فی ہے۔ الطاف بن نے
/content/processed/60.png,ہماکنہ جہاں انا لپنددی ہ کی وہاں امن وسدامتی اور اتا
/content/processed/61.png,"یں بلک اننتثار ہوگا, نفاق ہوگا, نتشرد ہو گا اور ٹل وزار مت ری"
/content/processed/62.png,ہوگی۔ اہول ن ےکماکہ اسلام تا یمام رہب ہے جو نہ صرف
/content/processed/63.png,مس رانوں کو ان و سلا یکا ام دتاے بلکہ وہ
/content/processed/64.png,یر لصو ں کو بھی امن اور سا مت کی ضمانت داے۔
/content/processed/65.png,نہوں ن ےبماکہ الما لیحار میں کی ام راہ ملا من اور
/content/processed/66.png,بادغاہوںل نے ان افقیق2ا رو جالئ زارد اور اے دوام سے
/content/processed/67.png,سا رہ ب کو بطور ڑھال استما ل کیا ہمارے ملک میں
/content/processed/68.png,بھی کسی ہوااو رکز شنہ گی بر سوں سے پچیجھ عناص ر رہب
/content/processed/69.png,نہ صرف اہج مفادا تکیلئ استعال کررے ہیں باکہ موم
/content/processed/70.png,اور ارہ لوں مللمانو ںکی مرن داشنیک کر کے اور ا یں غلطط ببیت
/content/processed/71.png,"4 یی ‪,,ي ‏ رت"
/content/processed/72.png,"سج اسلا مکی تخلی ا ت کی تی لا
کے زمرے"
/content/processed/73.png,می ںآ مزا ے۔ الطاف بین نے سوا لک یاکہ اگ اسلا مکی
/content/processed/74.png,فاط تشم کی جاے اور امن وسلا مت یکا درس ود سے
/content/processed/75.png,وانے مہب اسلا م کو اھر امن کے ہججاے انتشیار اور
/content/processed/76.png,لا سی کے بجھائۓ جپای کا ذر لہ ہناد ما جا ۓ کہا
/content/processed/77.png,ہل فو ٹین اسلام کے زم رے میں مکی ںآ ا؟ اسلام
/content/processed/78.png,کے نام پر نقد وکا مل کر نزاکیااسلا مکی خرمت ہے ؟
/content/processed/79.png,کرابہ شل تقلیدات رسول لاگ کی فو ین کے زمرے میں میں
/content/processed/80.png,آتا؟ اگ راسلام کے نام پر قیروں سے بیو ں کو پا کر
/content/processed/81.png,ڑکوں اور چو رابہھوں پر لڑکا ما جاۓے ‏ نماز نے ہہوۓ نمازرلوں کپ
/content/processed/82.png,"رکنش تےکر کے ا یں شمی رکیاجاۓ , مماحد پر تلے کے جا یہ"
/content/processed/83.png,"امام بارگاہوں پر تلے کے جاحیں, عزاداروں پر لہ کے"
/content/processed/84.png,"جانھیں, متصوم ون ےنا مسلمانوں کو نف کیا جائے"
/content/processed/85.png,یرہ سارا مل خلاف اسلام قرار میں ائے
/content/processed/86.png,ا کی اولیاۓ کرامء بن گان دن نشن کا جرد نب حضرت
/content/processed/87.png,لی اور بی خرالزراں حطضرت مم رمصضف کیاکی سے جاماتما ے اور
/content/processed/88.png,جن بن رگان دن نے ات کل وکردار اور سے
/content/processed/89.png,جال تکی جار میں اسلا مکی روش پجھبلائی او رکروڑوں لوگوں
/content/processed/90.png,کو مسلمما نکیا ان مت رگالن دن کے مزرارات متقرسہ تو بھوں سے
/content/processed/91.png,ٹرامااور ان کے عزارا ت کی ٹون کھرماکرار سول
/content/processed/92.png,"ے مث کرااۓے ٭ہ
کا مظاہرہ سے ؟ یھ ہم
ہے ٭ ۱
۰"
/content/processed/93.png,اولیاۓ کرام کے عزرارات پر خودگشس تےکر ااورا نکی فو ٹین کر
/content/processed/94.png,وین رسالت نفک کے زم رے میں می ںآسا؟ ایا ناما جم
/content/processed/95.png,کرنے والو ںںسچعا فععئی مل بی جماعنوں نے اتکی مظاہہرے کے ؟۔
/content/processed/96.png,غنھوں ن کہماکہ مم ؛بی اشنا ند عناصر نے ان حص وس
/content/processed/97.png,مادا تکیلنے اسلام کے نام پرسمادہ لو موچ انو ں کو اس
/content/processed/98.png,نر رانا ند اور جنوٹی بناو یا ےک ا میں الد کے تصور راوج
/content/processed/99.png,و جو ترنے وا لے ماززگوں کو بھوں سے اٹراتۓے وق ت کو گی رتم
/content/processed/100.png,"خر کونمام پکما اسسلا مم کے نا
ا1 ص ص ە-- م کے نام"
/content/processed/101.png,رای اکنا وا تل کر کے د نیا میں اسلا کی
/content/processed/102.png,ابپچھی نصوبر ٹیل کی جارنی سے ما ا سکا اج
/content/processed/103.png,خرا بکیاجار باہے؟ یہ اسلام یش مفہ ٢ی‏ انا ین گی ہے اسلام
/content/processed/104.png,ایا کرنے کاورس یں و امن مض گروب الام کے نام پہ
/content/processed/105.png,مر أپی انا نر یی او رم کی جنوغیت کو پر وان پنڑھار سے ہیں اور اسلا مم کے
/content/processed/106.png,نام پر تشثرداور تنّكْ وجرل کادر دے ر ہے ہیں۔
/content/processed/107.png,"می اکم ی نر سے مححمت کھیں۔ تی اکر
بی الام اور بی ارم ما سے محبت میں 22"
/content/processed/108.png,"لالہ مریمراح ہہ .12 یم ول ازلگ ری مجدہ
نس لف بانھا ری
و ای و کنا کے مس ھا کی رس
تو ے1 ےر اھ رر
را سا مرو زوا یی اخ پیک کی مکی نے رڑے
سرت
.""اراتا کین یرفن ۳۴
سرت ارت سے ارام رر پ و سو مر لی
اتی ن۵ا دیس کر إِررولہتی ماخ براہر
مد ما ہیں 151| میس کگرممو کا مس ود( راہ بنڑی
این 16ء مس مائ را جو ۳ک ضا ںین اے
ایک ریت شرم میں ۔"
/content/processed/109.png,"‎ [‏ 0 اھر ہر تک ات سس
4 ہلا کاڈ کنل سس ما یک مات کنۃرٹی
۸۶ےے سطان سے مس دی ا ےت شی بکرادادڈوزہ انگ اٹ ھا
سس داےافلاحڈن یمام
۸۱۲ ہج زلائیارنبادہا ھا دجو حوکر ال لامٹیک سسڑ مل
اوہ و
للسضچاگاا رومان ے اما نشی اھ اٹ امیس
یےددلڈ پش یل وکا اود دداڈ پک چا حلصم مسا
پ۶ رکم 205 ۶ پر رد دنن رشن ۶20 7 00|[۶7ء۹۵
حئ مرا یں"
/content/processed/110.png,"7تت پت 00وه9ەهةا۶٦777۶‪9090-ۃ‏
7ے وور میںفشگل ایک بریس پالد ں کے شش می آیا تھا۔

شس کی حالت :اگنترہمفتی اه مصلما کے مرف وو ہی

(خا گی بھے خر ٗ۱د اورنخو زماب دی رمی ںگوارفن بی

تا ۔ یہ مد مجگہوں سے ین وںاقفباای امش اور ۱
افاا نے ”۴ اقلضہم زکا سمارز یارہ اچاہیں لق ۔ وڑنی“'
آ۴:؟/ کریلا ہر و سم “ پالد نار پوریٹ ری مم را۔

/سورن تب ری مے بال واعمی للشتریبر ر| 7 سج اٹ ہر

جے لالنز یش ۹9رہ میں کر بی اور راولپنڑ یس

م۳مم ا ہریں يرِدآ باد و۹۰( میں مر ۱۹۰:

مل دوسرا دادلہنڑی رٹش 0٥ء‏ می ںج ام بر .لہ دی ‎٠‏

کی یس ای ایم وکشریات رو یکیں ۔"
/content/processed/111.png,"طبریع مت _ ےج سد ےج حدم ول مہ __ عووڈل :سد
7 اک دور مل ایک ریس پکیان ےت ضشآیا ھا.
جم سک عوالت نافع مب ق ق۷۷۴ سے مسلمان کے مرف ددی
اخبار خلت تہ . ڈ یی (زاد اورخبوز مانگ بعد ض ڈعآلہ نضل مر
را جک درس ںیگبیں سے تی راك افبرات ڈان ء جنگ اعد
ززامبضہ جابم الس ہرز ماسعیار زمادہ اہجا یا ے-
(۱۹۷ء ببلا مد ۷ ٹیک مسر ء پاکنا ن مار پررلش ام ۷ا۔
ا وف ےار سے 777 ھی اشن پیر
میں بویع راع لپنڈی )لام می کرای اود داولنڑی مم"
/content/processed/112.png,"۰ تے مد .۰
بی ما نہ سنع یی انف ترلعورتنی ہے ہار بے رت ہے
دب سب ے نوہ ہے با رت واظرم سے ٭ ‏ یکا ساشی ن)
. ر7 بر
روز اعاامم۴1ج ) ہے . ا گی حاناں ڑب ملاہ لم )لو ہے ۔
یر ‎٤‏ . َ7
می فرمفت خر عانررے ہی ہس ےو ہہ بی ہتروسل
ہے رئازں سے 7 ماں ے یر سے ۔ بی گی سو ا٭زان قے ے
ےم ر‫ 7 ۱
رنڈ ہےے. کھڑ میں سی مں سی می فک مرف یم کے
عادرج مامت وو سی حر مھ ہے ۔ ہب عم وی مرف
مس ٭ سے وی۲ں عق تمس ۔ کے رام تی وارن ہیں
سائنس لیے یر نتر ھوے ُ صرقی می زی ہے ۔ حا می
7 > ‫ ‫ لیر 7 / ‎.٠.-ِ,‏
‏ىر مد ط رن 18ر خر مم ماپ ہے ."
/content/processed/113.png,"جکھمون٠گکگ‏ ہہوں لن ہمہ ۴ا ممحدم::0 ھتگ جو یمن ے2“ چھ رم مرگ کا محدہ

ریو ور میں مشغل الیک برییں پاکستان کے صلہ مس کیا تھا ۔ جک عادت
ست ۔مج٭دد ے سوان ےعی دوی اضبار گلانة ۔ ڈی لی گزار اورنوز
ہانگ بعرمیں ڈصاں مل ہوگیا تا۔ جبکہ حدص ری تیور سے یذ راۓ اضارات ڈان“
جنگ اد انا تھے ۔ ایم نکش پیر زا معبار زیادہ اپ مان تا .ما ات۱۹47ء کو

پا برا ڈمھاحنگ سخ “یاکستان کیو وشن فانخ جو١۔‏ اس رقت یہ مجارت مت پالواسطہ نم

دی ھا ۔بھونڈ ١ش‏ ہیس تیدراولہنڑی سنّٹن ۸8ء ہیں“ را اور راو لپنڑک

ہیں قامٌ پوابمر یں مپررلامیں وج ں گیٹ ٭ ۹ ء مپربروعرا راولپنڑکا اجُّشْ

۱۰ + میں‌فاغ ہد١۔‏ طا ' دک انا ہس اپن ١م‏ ے بض نشہات رز عپس ۔"
/content/processed/114.png,"__ اح عئت_( ۷مہ یدن _ ج3 صداباحئ
ےت ۸ 7 7
چھم ے ری نشم ل یل پرلیس ياىتان ز طھر ‏ ںآیادا
جس عالت نا گخنزےلی ۶ یلان کےعرف بی
( _ جم 7
سر سے شش سس
ہر ىا ۔ جر شی جّبوں سے چۓ داز اخبازےڈان ,
کس ١ورا‏ ]لے تام انش ہیب رکا عتیارزیارہ اچاہہیٔیں
تا ۔ بٗست 0بد برا از لے م: بالسا کاریلبنی
5 َ‫ / ۰ 7 ۰
خاغ راتا ۔س رت بی لبارت سے :الو زاْبرزتوا۔ ہ4 عمۓ
اسللش لیرہیں چیے ڈایزڑی اسیٔلشن ۱۹۰۷۷ زار
ابی ہیں یىی مٔرالہں عیہاونیں(وم میسن
6ء۲ مس د۶س رارلینں بٍصش ٥م‏ سی عرا۔
7 2 الس الف ى راہن ی لنٹ یر عکیں ۔"
/content/processed/115.png,"سب 8اث نے 1ہ[ 01 مد اھ مگ حضہّ :مم ئ ہش لیت دہ
7 سے مبیر میں مشظحل یف بریس یاکتان کے
جعے مٍں ‎٢‏ یا تقا۔ جج نک جا لوت امت مہ تھی ف ۸ لم ے
سان کے رت دوہی رہباء نَماج بت ۔ ژعل 1 زاد ارم
مور مل رسک ٭ لعبر میں ڑھگ مققل س میا تھا کر ری
سے ُ
جلہں سے چٹ راے اخراریت وان ء جنگ اور ا ام
ع۔ تام ٹیش سر رکا صمعیل اچرما بس وا ۔ ۷اا ضت
س9ل :ملا رٹم نف سی پاکستان مھارٹوریتن مَام
کی ے/۔ اس شعمت مِ ععارہت سے سا لوا سصطہ صش مس وتا ما -
سر ۔م و ...-. و حم
ہے سے اسیس یر میں حیہ , نورنبیژی ؛ “ححیص ود۹ :
سص رض اے ررپنڈک مرا قائم پرا۔ لبرہ میں حبررگاو
میں رریول کر فٹر ویر میں مرکرا راراہنڑی | “ض
ہ٤۱۹‏ مس قام پچا۔ مت .9ک ران شر
' ہے نے ہ .کے
ایف ۔ ایم ے اہی مسخریاست صرۓ منمیسں ۔"
/content/processed/116.png,"9990طض :07070119
×>“ءج مب ٗ ہےر ے تد رر تا۔
7 فحنت ملوورتی صرطو کہ سے مععلیا یھر مل
دی رر ہہ گ۶ یر
اھہیر یز کے یی نآرۃ او رسہو ےرگ موی ںا لہ
تھ.ظگردضیگہوں ے ہے رے: عاران الک اور
2 لت ملس یک سمپ رہد موی کا ای
لی ر0 ۔
ا رن دی ر2
1
‎٤""‏ ت>داطل ۷۳× پرزں ‏ زربزرصس
یہی لور کول وزہر رہ سر
0 مررب رفرجھا حل د کی و کم
ائی مٹریوٹف ضر لیس"
/content/processed/117.png,"کے درم پش لیریس پاکسنان کے جح دم سآیان ا
صح وف مالت 2-0 ۸۶۶ سے سارا رم کے مرف در انا /
فل گر زليآزاءاررفرزملٹگے نہ رس خمرآ لنق لہ ولّی ز۔ مٔل
میں چجکہوس رس جن وا ے اتبارات ڈا رم٢‏ 000 ا)
کہ تا )انس پی رکا رزریادہ اچھابیں تا. با لت ۱۹۷رک
بل ئءما نکمم ہ پلکستاو ھا رپورنشن نان ہوا۔ امس رنقت بر
ارت سے بالطاسد نارہوں موا کچ نے اض ہ رص جال
این ۱۹۷۵ ہس وکراتی اود راڈیبنڈی می مان ہوا جس جرآبار
اڈ میسکوٹٹ بے؟1 دم درا واولپنڈڑی امیشن داا: ما٤‏
ر١‏ 86 0۰ ۹کی دہ یمیس ایفام نےاپنن نیا تن الئیں۔"
/content/processed/118.png,"و کے میس من یرسیت کے حر سرک
کس مر ے2 - ج
سی ٤لت‏ یں ۷۷ سے سو نس ےهر دو
!ضا کھ نے سح ئن زا راو رشمرت ماگی ں لیٹس
رتس سیت - ال سی ا مد وںسےعیۓے
سے ص۔ مہ سج .۔ ہے .مہ ہے رم
ور ”/ ضصوررزت کاںء یجاب لوم خی کی کس
ےس رر حعصا رر 7 مس
ٍ سی نع مایا ہی ۔ ورک تد
2 7 9,--ب بب مر
لم وج سو مگیب ھی س۸
رس رحمسےت مرکعارت سے زا وی ور کس نے
ےہ مه وکس تہ
7090-7 سے رکا
تواہک ع اوح ماحیر
پر گ
حرزرسس 95۲ تٌرٌ+۹5/ < سیر را میق
رن ےک ؟۲ َ‫
ےم 16۵/ سس تصر/- ۹0۵( ءالتم
نے ری لق م1 مظ ہورع : """
/content/processed/119.png,"مم سے مم خوکررت سے بئر ری
نا رونا ب٠‏ پر مت رسب سے زباںم بے
مان الا جاخر ہے۔ ہل یک ساشی ئ( ریم
ھدب/21ء۷دے2) سے :7۸7 نانراں ا ھالدءم انا
سے ۔ ہرد مضت اھ حا فرع ے . ا لاس ک مطالق
بل ٭طزق سال می (سائرں سے سان رٹرر جے
بی کسی اس دی رج سے کہ ہک پرڑ
سے .رز بھیوںکی مبوڑ ور سب یڑک جو مے
ان ے سح کا سح مت مم .ہد صنی گر مر بس بے
کہ کر من پر ویک دو حور ےمجرت
* کنا ہی .3 مآ را تی حات بس سان بی یضر
می سر تام ے۶ سے ہما مقر ماف ہی ے٠‏
تی ورپ لک دی ہو رگم رد
ای ۔"
/content/processed/120.png,"ہے ‎٦‏
‏عرر استار (پری ۰۴۶ میں!٦ل‏ ریا نے 1ت ماق میں
- ۰ 7 .۰ر
ھ انئ‌راوار “ میں برا بیو ۓے ۔ عال در گل ص! پا تھاروبار
کرت وت _کلن س ےعلافہ رہگ اور للسنا او رلرٌ طٰا
- مے 7 سے ۔>
ضس ۶ئ ۔ و سالک مرن پاستا ن) ف1 ذادگ کے
سس لے ہر و ع ول تگلر(ق اکب تو
کے رن و۔ترزق اے ۔ا۴ دقت للا ب١‏ گڑونتا
سا ٹم تا ےھر دوطرے اس نے ہیں زور ھا ۶ں
کا ھئ رہم بس بی جرل) ک آما رکا ری خامشل در ملیٹن
تو بور تو زتھا دہ رں٤ر‏ ما فر ١رس‏ رت گرا
میں عم کاو ہے یی لت ہی
ہے مپنخ) کی “ما دا لاک اتا لڑا دسا ون""اگ, ۷ع
7 ۰ 2 :
لو رے یس میں اع ‎)٠٥‏ سر زان فا یٹم
سد ما کر رے ٣ل‏ - دنا کا لیضاۓ ‎٦‏ پالتا ن
‎٠‏ . ٭"" زی ۲
سی 70 0 و
و ےگ خر ھے۔ ۰
بر مان ا کس اکرش کن
روررس ری ردنا گا ری کے من میِرلرث ر ھا
کا رتس حر"
/content/processed/121.png,"میں کل جاتا یہوں۔
سس خکول بات ں۔
میں سُول جانا ید ں ۔"
/content/processed/122.png,"×لااإے ر سم لکک ہرس ہل گی ےب ایانا ‌
سید ت امہ تی ۸۷۸۴۶۶ سے سدا ن سرت
ہیں انا حلص یہ ۔ ٹڈ یآزادامرنیزبائنگ ارد یہ
پوت ہدس و ہیں سے ہین راخب یت
ڈان نک ارر انا ےتا مم نل بررز ری سیا رزیادہ اہا
ھا نے ۰7 یہ بر ارکسم ‎٠‏

انم ریلئٹن ۴ تم ہوا ۔ اوت یبارت ےبالاسل

یرتا تا یہ نے مسششن سد میں جس مارلہنڑیسٹخن
٤ء‏ یس مم رای اہطلنڑی ی٥‏ مٌ را ہریں
عیدرآبادریں ۱۹۶۱ یں کرڑ ام میں دی
ارہ نڑیاسخن 6ور وی تنائم وا می کی
کت022"
/content/processed/123.png,"مک اس سن شی کو تیم رمنا یج اگ ؛اماطر,گرناأ جصسب
١ء‏ نھا دسب ے رام ]لصما ذوظ مافویے ض وا ےی
نا۳( ما ع0ا ىہ اگ ذاراسار)
(ز کہ لازنا یش حورمانور سے ایپ انداد صد
مڈابئق ا لق وہ9 سالے السا یں صررمیال عوجر
ہی ۔ ا کی دس کہ ٹوا 3د سو میش رتس میں سے رر
ھا کرش انل میٹ ری ںوت بدا ملا ردص
ہارت 38 حننی ڑک درا ید جب٣‏ ہیلا ست سص ا کا
دل م2١‏ سے و(ط۱ کرنہ رگزرنا بے ,آراملوالن ون
ےنس لی ںلمنتار گج/ سے ینا مرضشمض نت (یم۔"
/content/processed/124.png,".سو یم ا8ل (س×مسدبظ مس ہام نساثا سد
۹7ا کے دور میں مشگ لیے پل س پال انت جع یس
مم حالت ند بمکرووکوچورے سرا نے دو
ہی اسار ٹملع ے - ڈآراراور یو ماگ بور ہیں
ڈمآلہ نل ہوگی تھا عتکہ دوممری مگبوں سے پپد
دے اخبارا ت ان ینگ اور امام سے تاہم انٹلش
۷سیا رکامعی رریادہ اما ؤں تا دبلاتا 7پاوا کو
ہلا باڈ کا مٹنک متا نکر پپریض تائم ہوا ۔

ا وقت یز عارت ےبالواس و دخریوں تھا ۔ کچھ یشےائٹیٹی
بر یں بی اویمنری خی ۹ھ دای بو روپ
تام می لمر من عیررآ مار سأ ۱۹51ء سء
64ء سس دوس رز میسن اسٹیش وہر قائ ہوا ۔
‎٥‏ ْ دہاق میں الف الم سے ابق نشیا

شرو ہیں"
/content/processed/125.png,"ظط ای ممسامجصے یہززا ہے
کا جبڑۃے دورس کل ایک ہرس یياکتات
جس کی حازلت ‏ ا گلتہ بہ تھی
عسواں مر رردی زمر ما و اڑا
آززر |و ول ماننگ بعد مس ڈما تے ہت

ہوگیا تھا۔ لہ دوسری کاہوں ید حل رش
(عباررت ڈاںجحگ (عد ‎٢]١(‏ ھ وہس رقئی

کا معیاز ز راد ہ الھا+ 2۔۷( انت
مو ا ری مد
سا مہو اس وقتس بے ہوار سے پا اط ردان
موا مہ رین ربرمیں مسلط زادلنک س۶
جج ہوہرء می ںکرلر پرور, میں دوس راو یٹک
غن مل ۱۹ء میں سام ہو وہ1 دباگه میں
ہے ببسرے ایل نم بات شرع بس"
/content/processed/126.png,": - 0+ قعرہ 3اثاء۶
ر|2ی) ئليك/ رک 72 ۔مصپرگاٹر
برع سم پیج تس
ف ساس رواب حمد ھا نار دی
مروستان گا ملا خی ٠ھ‏ لو بل مت رم
”ا قیرخا ن٣‏ ےۓ میں دعب اگ رن خا نی
روا نے مطالق 7ع مل لا دک نٹ
لو کا میں غان با ەر* محاضذاب یا یا۔
*فخان جب کے مرتی تح کی اتی کے لتول
۰ ع ے ۸ے
سرںے یل 0 میں کن
ادا مہاں و لعیب الرول. ‏ و: ب
صلا۔ گا وسلطان نری زڑ میں 4 مبارجرارے
سمن >رلسے بدا ضر بدا ں کے سا بار
لہ وو زلیٹ. جن 67ل ء لو موسلطاں مر
(ہ'٣ظعےمنائەن‏ ۴ل لیف ممیاتوا ال وترےی
لو مار میسور میں حیوڈا ہر د ںآ رہد
ملھے."
/content/processed/127.png,"ہ_ ال ہی مماملوع) ال حا مس نار حسم نید __ از مد
رابک ایگ
ضا کنل ۔ طیل زع ضز انگ بہدد یلھک لگا
1-27 لا کان ےگ ار
(فا مقنابہاُلش ہہب رگا عباردیادہ اجوای ں نوا
چا کپھلابلفاح ٣خ‏ مولتا کا ربورلیف ےب مبوا۔
اس وقع مہ مجارت مہ لوا نف ہوا شا کچ رن /سلیریھ
یں ید رلبزرمؤضش ‎٥‏ ۔المی ںکر(قاوؤلزڑزد
ی۳ ہواابورمیں مل مال میں 3151ء میں کرٹ کاو
میں موی إراولینری اسٹیضشس 0٥د‏ یں‌تاغم پا ۔ھ9.+1"
/content/processed/128.png,"۰ امعاکک ‏ پ ہم انہوواملگ
7 کے دور میں مفل ایگ یرس بالستان
کے جع میں ۲ چڑا ۔ جس کی حالت نالفتہ
بے ش عطلالہ سے پاکستان کے سرن ھھ پی امبا۔
بھلے کے - خ2 ما 7آ زاد او رون صا فا سس
٭حالہ ہتتل پ رگیاتھا ۔جیلہ دوس سے
جرۓ والے اخباءات ڈ ١ن‏ ۔ جگ ۹۱ء ! ‎٤5‏
‏جے۔ سام فُلض) یىیىز کا ہعیا رنؤدہ اچہا کی
کیا جوم ال۰ اکم ہا برا ڈیا مھ شس

لیا ں گا۔ پورلیٹ چٹ چر۱ ۔ ۱م عمّت

۶/0 یبپہپہ تج
اسٹش ہیر ہیں جے راو لینڑی مم ۱۹ء
میں ءکراجى بورر اولٹٹی میں جائم ہرا بسر سم
حییر ر7 مد میں۹ میں ۔ ک ۱۹54ء میں درز
دارلپنڈی اسٰزخووو؟ا می وائ حم ہر( ہ۱۹ ی
سی اس٠‏ ا سے ابنانضئ سے ضرے"
/content/processed/129.png,":. ای از ا ایک علاقے
کر راو لص ح۷ رر تب :
07 9 ھ7ھ071٭مم7
وبا رض مم لاس ہے لف ه ارچ واورریزا
ماد ی کے پیش دن ووکراش ۱ ُو'ںمسرلفق
ص|قعونا سرا فمااویردن بےپاستان' رںن ار
مھا کی طس ہیی امو وی یر
حس َرانَمْری] رھدا مسا رام ت بلق 2
نے مل ارس عم نوف اکر
ایروا سے شوہ تعنص میں
ہاوفا سیرپ جو انا
مال پالبتان ر2 اکر ھا آباد ی ہے ماش,[7و
وکا را رر ما وو ضلب 1م رحہ من
یح وو لی نکی کے تسس کے کر ای و /
رن کے"
/content/processed/130.png,"جرالثا راپ ی۳۵۵ ھ' میں ( نشیا کے لیک علاقے شنحدے
0 رو و کے
جس ہر کے عالدہ وچ مقر دا ول إ
تل الا ںک لاک کے دن ری کے نموقت
کر اس ڑا ایر ےہ لد نے پالہتاں ۹وب
وا کی کراب لس بی ار سک آبارکارتکاسشاہ
ہسیںھا ف ریا وو بکز اھر ٣اھت‏ لگا
میں عم ید جس وب سراف گر ہیں ]یں نے
را شس لن اوردے
7 مہںا نکی ملا خر و زوزخ نو
2-2-0 اون کک یسنہ ای سے
دو ہیں اخ و وو اض مھا
ےر تو کا سیت حر الدوبٹیڈەوھئر)
سی رو ےضہہ رھت (جاہڑا تہ ےگل"
/content/processed/131.png,"ط ہے نطا-ےنےمے ے
اآد و و ر ز ئز ثژھو"
/content/processed/132.png,"8 >‫ طے
تا ۓ رخ د۶ڈذ
رٹ تر س ت ص ضص
لح ن و ەصھءعی ے"
/content/processed/133.png,پاکتانی ۱۳ امت ے۹۳ 1كومحرضو جورئش لآیا-
/content/processed/134.png,"جسے رعمددف آٍ نے جح بیع س٣چ‏ +پپٹ ہ رم سے وو ر لے ہے رے پوی رج در تو ہیے۔ ہے
سے کت حتت اک لوت سو دی اس مو ہت سے ا کا یا جا و ا پر ا کال وک
ےت زا ات مو سار سی لواج ہت
اہ یم )2اا ہے سمے یح ا4ے لامکری ایی ںوی الس نہوم
۸ ربنخرہت وت تر ہیمست 1م اس1تسب
ریسا مم ینس مت ہہ ہیں ہی سض سس سیف مسا
رت ٛگٔسھتا سے مسا یہ نسمت تہ سر سس سک کی مسر نج
ود تن تس و
ا 0ے
ِ مہ و وا لع ہج
0 ۳۶ ا أ اہ 7 سجن
0 کیا لا ورک زج 42 رہہ
ا صا ا صا اس وت ا تہ
یں مود 5ا سس اح سم ماس ول سو جا رامعم امو س مب یں سے سو بترم صا سکس یمتح ہم
فرص اس محمد مسشت مس کک ری 2 چو
کس اکسا 2 آس۔ ھی ھ تما کت
یی و او و رص مم نے سی مرکم سم یئات
ا ےھ مم سس سے
اج شیدمتتسلسہار ار ردپ گے سی ٹوش سس متا
بے سوک ھچ لے ۔_ تہ ہے
سشسہ ان ہرس رشح صصح سے مل ید ا لت اسح بت
کن سیت قت ے کی سس ت دز می ےس خر مث مات کم جج ہر رع اہ
مہم .نج مد مرش یو ز رش و ارآ فیا کی و مد رن ا سس سا
کھت تھا رر و ےت
اچس یی ہرس سے اپعحشوتط سے
عنم کے شےنتقمے سد[ حت سر لمحتم مہہ کسسہسہا ونم سے تہج
دس شش بی چا مسج سس کسسجلا سید حکمت ا راج
ور و لے سے ھا سے سے سے کرای شی
سک یس ا ا و ا وو ندم مم تمہ ہے
کاو تس سس شس 000060 پت
سے سح ےس تس خست اض سیت دہ ہک ود س۸ا جج سیت
ہس محمد متا ہی سب ا ا ا ۰ یع رہہ
سرد کش شش یا اواب سس
سے سے ام اکس میس ام موم مایا سد من ےم سےضصتو: | فویا]__)٭٠۰‏ 3
7 ووسسووریجسووسوو ید ا
_ : سسست سم حم س مس سسست٠‏ چوں۔
‎٠‏ کاکفزیارجاوا کرحتم انت سح کہ امھ کا رط
ا تہ کلم ےس تحت ] چا
: .میں یر مہ سد اوک پر وا مو پا و
بے ایک ھت 0 ا
ٴ تس سا تحت ول 5
+7 آجے ہے سکس
آ۔ 7ر 77ر ۱ مس ےججچچچھا تہ حت ہت سے راف تس 7
7 چی ات مرح اس تر می
کک م۶ و ےس سے سی آ0س یت سیت سی
ا ۲۴71س مہ چپ مس تاپ مہ اس شس
کے ا ہا رر ا سے سڈ سے ہے تی
: 3 ۱ جا فا بن رم ےمیتں تق جم ما تَ کت
. س و وسدت کچھ اسجچ شش محت س راحت وہ
ات و :+* سی مو مسر تھچ ےا می سم بے
اٹ سم ھو و بے ا مکل لیس لے
للا ار چس ےت دج سس تاج جچ چے
سے وجب تیج سد جا خی میئ ریرج مت
(ہ) انگ( تسس مس بے ا ےا
مل __(احس سر اھت سس ہش
سے بن ےی نب | جا مد سا حصمتحہ تسم"
/content/processed/135.png,"لا کا ماش ری ری
پل"
/content/processed/136.png,"--۔ +٭+ ہے۔ ‏ ےس
تھا اٹہ حش
استمازی کوک اف یووم اور یھی سا
ون و یں صمعہ مس تدش ے چٹ
کیل ہ۸س ای ام حسم ہی پر مو
سے 4 یی 827--1
بے سے کے لیا چو ےہ
لو ہے اچچ
وع بی پر امس سح || و جس کت"
/content/processed/137.png,"ا یں رپ سے می مس تق و کیا مو رک اج
اع ا تی ا
حا لن کاخ کا موق اوہ کیا دم را ےکا
تی جم ےی دج
یی ا
ا ےکور تکرکو ںاہ وو اہ ںاسا نی کیل
و او اکر جا ہاو ںہ ا ا تس ا
تھاا ای سن رآ پکود شاب ل جا لا رد ےکا
ح9 تا !وزول می نکی وز تقلکرےپ ں . ‎٢.‏ _٢٢_[)۔‏"
/content/processed/138.png,"کو ”ھا ہت سر
با نر ث- أ اشن مان ہے کہ گر سبقہ سو یئ می کے
-- 1 چون کے ساائی مود کی شرور ات کو نظ دودش کال سعالمہ یلک سے خراب ہواخور
گرہں ہج کر ے ہو ےق ہت لیم و مو کرنےأ ای تک : دی ی‌ھجود ہو تا کک سے اک
بر کی نشلگ ہے سوویعدے می نکی نون أ فا حد سے 2ساد ے لیس ہس پا رن
سے روا گی+ورویٹی دا کوں کے بعد اکن نے ا گی بھی می کیلیت تھیا۔ رام روف لے انل
بی پ٣‏ حا م کے ج سردم بش دس 602 , ا ضو پ فی کولموں می مگزھد شم کی تس
سای دک کہ پ سماہ علد لہ عبلد نا ہائے۔ ابد جن
این کے اتدرہ ماک ساپ فدہ پاکتان || اعد سی پاکتائی وزے املم 2ےج ال بعد ا ما وم نے ابق کے ات سے فلس
کے گر دد شی :لح پگ وہای ار سے أ وورہ روس اہ مرد نگ کے بج پک روس | مال کو ھی ما ونس خی کر کے مع کرد
رما بے ہو رے ہیں کہ وا سعا لت عم تہ ا تعکتات کی ڈراو رک دی .وس دورے م جس کے بھ سے ر لوف بھی ددر جھ گی فور اپ
چک تو کیا امک اے۔ رد پوء پا کن کے | متمد برف پکملوج قں جرف محپ” پل بھی مال رشین فیڈریشن ریگ ان مض کل
بد ہے تعتتاصہہ مھا ھی ایک سعاللہ ہے أ مگ کا ری و گیادور ا یں کے لے عاکی اہ وی لمرفون کی قریت فکن و کے گی۔ اس
و کے !اپ وزیے دقاما پان کے دودہ پر ا وپ مو ت فک ذے دق من ہو گی گزشہ ا تمادن کے معاہرے کی ابی رو دئی نگ می
سو مآ دش عوجود تھ ور دوفوں مالک ای ا ال می اکر دس قیل مہ کو محول سے بڑہ ا یں ہو کی تی کہ پھ رک گی اب سے ب خر کی
کی گید ں ود ی2ک کے قدم پ قد ا ےبڈ نے | کرآکے بڑمانے کی خر اقداددد* ؛طانے شروع أ کہ لع جک تے صدرل پ کی جن دای یکو
کی نر معاددں پر تلق بدر سے جے۔ پاکتان | کر دیے گھے۔ ہس دورہی ددم کہ این پر مات مد کت ہوئے پاکتالی دی ران کی
ہر رو کے این سرو جنگ کے زھاے مم ھت | راے ورے کے الزدات' سکب نمیا اع ری می ترزی کا پر گر تم کر دیس اس
مارے ای معالات ہو ے کہ جن کے سب سے أ تہ اس گے اس ات گی ضرور ہہت دیدہأ دعائی افمرہح نے دم رک کے وع رین وی
زوفوں مماک کے دقئی فرع ے الک دوسرے أ محموی جد ری تی کہ پا کر دق چرجر الصی ا یھ کیٹ رن یٹک پر د کرام کے ققت قیت ۳
گا سودیت ج فی کے بد کے زہانے میں بھی کک صرف یحو می رہد یل حص چچا تا ے یھ ا تی دی ارین ہوتے۔
کی ظروں س ہو بت تے۔ پا کتچمنپور رو کانے آ دررے لہ د نکر ارت جواققیادی پر قائی ہوںہ أ ام کالہ تے سے لیصملہ کیا ہے کہ جا تد کہ ماک
ھی معاہدہ کیا سے کہ پا تال اعی فرظ الصرس | و سے بھی خاحرہ رفیاتے گی لاپ بدھا جاے۔ کے دکائی السرون کو بی سے عجولت میس ر کر دئی
وس کے ال فرش مونروں ش قریت عاصل اک بی ددسص لو رم کے ہیں :شہ سے پوت جاے پاسرے سے شی بھی کو نمی طراہم نہ
ری گے و ۹9919-291300 ] سے گر روس سے تعتاح کو حزیھ بڑمانے کے أ کی ایی ان ات رو کی جااب تعنتات
اتارک الا بوملتل کے ہلاس | گے ساب زی انلم وف وزیہ یرجہ کویڑھا :ایک برقم ہے۔ یلد ہے کہ رو ل
می وک بل اقدام کے جو کے خور پر پاکتائی ا فآ م۔وزی دیع شرم وعحیرہ بری فج کے آ کے بھارت سے مھی قرھی تننقاہ ہیں لن من
غ ‏ ا کی دای عجارفوں | سری پت جزرل رافل شربف جزل تربارودی: رو یی ور یی
سے ام وا لا و کے دیں پر دوقوں ماگ کے تال تین ا کتعئی ہا نے روس ا دوہ ا نے مشت کہ فو میں کر ٹیس تو ہار نے
فی تقر ہی یر 2 معللاتہ چہ ایک | ادس دوروں کان گ موم کی کہ رس أ روس بے جہے دء ڈھ کہ ووان عشنوں کو !بک
دورمرے کے فنطہ نھرسے تہ صرف دا تید ماگل | نے 25+داپار کان گو فر وخ | اق کے اہی عضو کرد ے نجیر و نے
کر کے لہ ایک دوسرے کو 9کک نے کا | کرتے گ ماہدہ کیا۔201 بن ار عو را اس بر دباة گی سرے سے کوک پدوا نہیں کی
گنرس بھی حواصلل جو جاے گی۔ اس فومی- کے | 2017ء میس دوصری ار دولوں عما لک کے دای ا کیو کہ دوس اب جلہ جس صرف پھارت سے
لات کے اثرعت وت کے ساتھ ماتھ قبایتت |أ یومروں نے عش کہ مشتیں کی مو را دورین رد فی رھ چتا مہ پاکچجں سے بھی
گھرے ہوتے لے جاتے ہیں پا کنچوع کے متطہ أ حیرہ عرب ج دوتوں مھا تک کی بکری دفور نے ا سعللا کو دوتان گرب چاپتا ہے کی کہ ارت
بث ہے کہ دہام رجہ سے تعاقا ح۸ نہ کے باوہود امش کہ طورپ بسن خیا تہ کے لے کارروائہں | اپ درو سے [یاد ام رک کے نما بلاے۔
ر یے عر مان کی دع ری حلست مل سے بر بادآ کیں۔ جن ارات سے سے داع جد دا ھا گے
برانوں جس گھرسا بل جا سے مع اعم رہہ أ ددٹوں حمااک دای پور سواشی بعتار سے اک"
/content/processed/139.png,"ہل بل کسی بین نے لالہ فو ئک یش رر ےر کا
رک سای ٹا حالف وک یم پک دق تن کن اہ مرک یی 6۔وئ/مسرے مر شوکو لک :سی دی زی جیا
ےرہ ارم ددع عو فادہا کی کرحم وکیا ما ا ہویم پا کا
فی مرش یں مقار سح تس جح یں ص را یی موا
مرش ا 9 () آیہ
ِ یش امب ب۲ نے ںا
یی یٹس سس | ات چا یں ںی
اکصرال سے و مھ نکی را ‎١۷۵۶‏
‏ری نےس کا کا( ہاو ان لچ نے کر لد کا
مسر حر پر ملد لس سس رسس ا و
رھدا پصس23: تج ۳ں ے/ نکی کی
وس وس وس
جمی یھ مد چک ھک گر ا
توی کب کر کہ ری کی و کاو اکا ےے و یداو کو حم تصک سے وادیم یت کچھ جا
پ۔ بی فی ری بے
ا ا مہ تل جج
رکا یں کم یل
لا کر کک سا
ای۴۶۴2 ہیں۸
اہ زی کرجا نکی دے وی
کر کا ہے ے_ چجھہ کی
مپبس آماڑے تپ اس وکرکی رم
ح۷ لا حور 2-1 ند ج ‎١<.‏ ارہیےے
کو مم پچ ے کڈ نے چو چم ۲ں ]2ہ ھی مد٠‏ چا
سہمدت نس ٭-٭-< >5 گن 6 ي2 . کی مد سے
لے میٹ 4ر۱ لور ےپ گک ‏ حو۔۔> _۔۔-۔ : سار
امہ جاذ کے گے ٰ محکعرے_ .ب۷۳۲
یھ تک ب ہرک ۰ ‎٠‏ سے ے۔-۔ جف لت
سے گیشو ای
رھ 6س رھے سر رج زان الک سے تی سے رف جنگ عسعد حب سے بح مکش رس سخ دکرد ےکر چو |
ترک یھی نے پر دش ہم ا ےکی پس لوڈ لسن
ری ہی ایی کرو ارگ شی یں پ نات شک انمت نے یھ اد ہدس ہے ان۷ برگہ یگ کر ہد کل 2ر
ا زس حضؤر ےگ تھم ِ ۹ک وف کے ا
خی مق رق ی کا -]۔ کم ز موہ ا رق کرس
می با ۰ موس بی بای کون سو کی
حا پیا یں کے : ق پلما وھ ےتید
مھ ما( کے ‎١‏ .مم م6 چو رک کے باعل سے زنلی یں
سا اباور پ رب
دسا ےید ا ا ٣ہ‏ وہ نک چاو ےک کر
ورک7 ا رات رہ 7) ۵ھ رپ کے س یزور
و ری ا امیر جم ای کا کہ یکو اص ٹل نوا
مع ےنمں 7ھ"" 1 ‎٦‏ ائیس رف /ییہنہ
ساس مه مر ساب !ا ور ‎٤‏ پل ری
پ رھ آپی مات کے ماج 9 گا یتر""
و رک یہ ء جاعائ ود لد لے کر ای ار دع یی
پیک ںی ۲ ا۳2 اس ےا"" 5 ای مت پےاعر گ:
اپ ای ھے تا دی 26وی ہعبار اریت او مور ود"
/content/processed/140.png,"یٹ7 لس ابی وق 1
یہت مرو ماب کا بوی لسر موی
جروس ھتاہ دی انچ یں مس کم کہا اک لک رو بب ہا 2
فکریں ےت رش
سی وا ای
ما یھر حم ریچ ب رجا ا ید اہن یک مال ایل روف
نا کان :
وم رکا رف دک یکر قوف بک بے پر
سب سس و ا وک ای
یودن میم دیدرت با 2
کید یی یی ایل ما ریو
بے دو سی دہ ا ا یا
ای کی شر نع ند ےہاچ در سے مایا ےا گل ه مکی لھڈ
تد کرٹ جس جیرف سے وط ےمد کرقل ہلل میا ہڈا سای
کرک چک سال تہ َ
سم میس پا نج
السا سا مس ک دشار
جو ا یی لم دش
ھی ٹل دی زسیانس وید ز حر مل ای یع وٹ
یپ یہی رکا کر
7سا مد عم عیف پت رش راع لیم
حر می چوج زار ےراچ ےم تقر انل مدع )دش
روا ام
وپ وی دای و نماک پس ای
رید سر لمت
نا نف کے تی پت پوت فۃ بی کم رڈ ڈکائر ای ند لی خرہانید ےکسج"
/content/processed/141.png,"0 0
بنف ان
. وائمح عدلاما سی سے
قرو رر و با کا تھی سج وف یق کا مد سے
یں یھ لہ تو ت لف جا کے نمی تی اس رش رش
نمی مت دم می ہے ےد ستن 5
تہ رد 7د تو کیااک دح ایی یی
میں میس کی مل رو عدندیسا ں9۷۳ رر رس نجرد و
یی ح ری تاراب چو جرب تید لملرب ےب لوم یدک
مود ند نید سا واداو تذل
۔رخیارے جد می یو دیدمآ یع سے
زی می مر کلم غعکق
جہ/+ مع پییص کیہ ہے بے سد مو رق لد
یی یت 5 ت فیک ا د کرٹ کرد
ح ما ہے کی تا تد کیب کیدخ مے کوٹ پحدی کس
مر ویر ری یں سس ھا خر سذندیخشی
عسسہ یہس ریو تعےچعیکیرتی ھرکراف/ کپ ملمجمکس
قرعت پک یں ورای ہت مت دم ہاریردور
ی٤اض‏ ےجملے اک بسیڈیا پچ
لیھک سدق حسم پسحمکیہلسم۔ بٹلیئد کرت کہ
ارم تی ا دو می یہغان٭امحمکڈ
سے یکےہپجریے تحت علمای ہار بھپ میدخخک0٘[
و ےکی وپ سید حر ےج مت ےکور تی عو معر/ بندضف ضیح حمہ
ع رسس شی رام ویج مجر نمی
ہر ہم و ں٠۳‏ عدرئتملعسمنوہ ہی٤‏ الم ےی
ری ملس اسبلہ
خہلوبپغرہھی ما مگممپسیھ لاجر ھھسلوبردہیں
ویںا حص رٹاو کے 2و2 ص وی
سا وس دوں' رر رک حر چ:
مس تعفادم تدایق وو بین لد لے موسیس ہو
بس اہی اص خی ای با حرد ا ای ۶م وش ے بد مل قدو بد عار سے
در ای ریرج حید ٹیو وس ا یع مت
حا وی نی چوارفی سد ےیای مھ پنتیں جارا کی
سی ید کل مل ضے نو سے
یل دو تہج مِّ
و مو سے و
سسانجالج اللہ عامس تن کرے۔ می کب کید ۲ہیں
یم ط گی می پنپیٹا ا می لقد۸سببخطلےکڈ لپک
تو کے سم ری ھ۶ 8خ مہ
2 لے سمسرک پسمےسشو مدورپ یانعمزعم
میم ٹک رکید مع سوا سد جح کر س چسدم بداو
امب مول ہد او ا ا یا"
/content/processed/142.png,"لا لا لا لا نا لا نا نا نا لا نا نا لا
‎٢_١71).‏ .ا ٢٢ا ‎1.٦‏ 08 د
براقا نال ےک مو سا کال نر
ت0ا 0ا.3ا ئل وسر یئوتج ری, 0-0 تب
1رس راھدا سی تادفوفجا نہ رای 9 رد
.وش کی یہ ا ایام و گرا شی نمو ارول یب ےج

‎٤‏ ا ا ا مج ےم ٍ .۷ لا(
رت وا کر ا رے و ور ےا 0(
‎٦‏ یٹ رکم لی وو
مرا ےی سی 0 ہت 16 وم ہر 21 سر 1پ 7
لارٹث ےت گا لا لا لا 2ھ ٥ب٢ ‎0.٢‏
‏.رآ دا اث رش نے پور ول کبیا قفا ادا موا ے ال
لا ا ؛ ‏ ملا لا لا لز لا لے لا تا ینا ]ا
انت الاک نا نا نا نا نا جا ہا
نب ےب ناو یھ اک دای را وا
ا 0 ا
اس ف لے ےر ا حر ہہ کا ان سر ہر انی ال و مت وک وا
یر ا و ا ا ور
لے پالم رو کے رات ای اپ راودا تام ساد ]
ا_ 1 ] ارح صصی۸راحف ار ار ۱را1۔
ا را ا ا ای ام 2

‏مار ا ری ھی و مس ےت

‏یا یت فا یب فک ا
و یی اف اس را چاو ون وجار
لیڈ لالم بی نے ج راکفا ےلم نے ارول بر
ا _امر! ؤ اصا للہا لے ارفھ الا نا لا لا
لاسما ا کر نہ
ینم یس کے ا ا ای یا اما ا سن
سے کے اک ات ہے کے کپ مک ا مہ سے کے ہے ہے"
/content/processed/143.png,"1اگ رس ے٤‏ ا ]ا آاے پآ سے
0 ا1029 راو وٹ اواب لان
انا نا الا_لے لا _نا انا ا؛_تا نا
ان و حر ای ا ےا وا ات
1ص ل0 1سا 0 مر یا
ح ےہ
.لہ .ا 2 1
‎19٦‏ نے اط (] _٣اھا ‎٦‏
‏70 2"
/content/processed/144.png,"ن ال تچ لم لس ال لے ار نار لال
مک ساوت مم زوا کا جا نے
‎۰.٢‏ تب ‎٢-٢٢ .٢0[‏ ا )4+
لا یلا ہا مت اخ لا لے ا لن لا_()۔
مرا یی مر 6 ور اسان سے
ڈوو چے سے اود ےج سے تد جد ج ہ کھانے سے ےج دد سا ا"
/content/processed/145.png,"لا نا لا لا لا لا نا لا لا لا لا ‎١‏ تا
‎۲٦١ ٢۲٦٢ ۴۲ ۲٣ ١۲ ٢۲٦٢ ٢۲٢١ ۲٦ ٢٦. ۲۲ ٛ ٦ ٣‏ ہ۔--۔
‎7٠‏ ۸

آانا یر ارآت)
اناہب ایت ہو دا جا ہاو اہر
ہا اپ لا زااے کا ملا
پا خر ایا ایی دی ات اناو اہ
ا بی شی ک راہن لوٹ یز دای جن پیا
گر ےکر تا اور دا اپیگا اتید ہپ دا نیہوت یں
اڈ ایا کیااک را کے یڑ ہے ہیام
گرا ےپ چاپ ٹیا اجار اا ََ يا ملا ےکک شید
ٹا بات ایاگل بای لا لات نت ودای یک اوک ہوتے
اج اناگ ئل اات۔ ہا ۳ رمسے
‎١٢ ٤9 _ ۶٤3 ۶٤3 _ ٢٢ -_١١_ ١٣9 __ ٤۸0 _ .۶3.-1-1+-‏ __ 3_۱39 _
لا لا نا لا نا نا نا نا لا _ل] تا (]_-]
جم جم جم ہم جم جم ہم کم ہم ہم ہم ہم ہے"
/content/processed/146.png,"اس تر ید مچت نس لسرم یں یر ار ےئ رن و یوا سے سس شس نر ن
ارم 0 12/] کی جا سج تھے گی ےکھ رش ںی بیج ند کی کی نطرس - پچ کر سوہ پ۱ عصرف :یکس شال سر
ے٣“‏ وس یں وش رش سکیس سر الد بل
سے ددس سے کہ آغ لیک دا یگ ایی یں بے ورڈ راوید می رر یں نے کے ات شی رھ تد کی کال گا پل دشرم یع الا گی
رم وی ریخب یت توکیار کے بک کہم لکول بن وا سے فوفس و جس ق یک رو ہک تی حید یی ایی پر وٹ جی۔ می سے پش خر ترک لو امیا رر
یت وت بس فا ت رہ شر سے م کس جیں جب مد اکنا گ۷جہ دی حا مج نع لیج موم وع یبمل ور دید وف ون
7 یکر لصو تی می مو نی ہے نچلا
کم ہے ری ڑ7 ا می
2ھ میں سب مر وت دومرں'
نے توب لیر یوں ورک ےت کے و
سو ے ساد تماق سم ۰۰۰ ےپ ۰ اص رج مل ہے ساش رم ارول
مرش یٹ میم وہ یس ہے ضر رم وو سرے ںو جہن سلفیس خوش
مر و ا کی .وضو اک امریے ےک ہاکی کو کی ائیں مستردی جانے ول کیو ںکی دلو یڈ ےفرسے بپلناگ ابی سر رر
و تی جمفیں حور کیا مد کی سے ٹلاکہ کر ے الا سس حر ری ںو مر رح ہےر ہر ےب رص ۔ر ہے در ہے کیا اتا ے؟ سو یٹ گی رع رانک موم
9 1ا مس یج6 سں سی س و ید گی جو ہنے سز گی شرےنو مکی یر ری ماس لگ ععلمہ ںی کر کر زی رہ لہس درس
کو ید وہک او ام دج ما کت فرع رج وگ سال دی کید یددڈبدم الاو
فا کرالی۔ یل یب نے ےکوی انی لوم پاپ کے نے میں مداتے مور قرات لاقہ لاک۲ برک رھاارے؟ ال ے ہر بودیں کر
ںی کو ساب ےت مھ ٹول کے سے شی مرک مدسے اک ہی ھت تا کے کے کے کروی دیع بند 31 اب کہ 9 وی شدک ک ملل ‏ ایگا مد سک بز دو مرئے سے پا اکا عل رگ ام
می لہ الال کا یی ال بن و یں ات گر کروی ند وی ود رود ا
کات می ن5 ایت 5 5 یس نکی میدااس کے ع دب کر یکاہ ود ہیں لہ وی ذاش اص2 مدرم لوم کات ا و و اور
کر مم کی فی کیپ سد شی کے کر کے یرد دی کر دک لک مر کوک لد
‎٤‏ 3 ۳ ۰ "" ۶ ۴ ۰ یپملےلكعام' 2ے ۶ .۔
اھر ورک اک ری دا تی کچھ نی جس بت ینعی ودرک ا کر یا رر کیٹ دی بی .-"
/content/processed/147.png,"3ہ اس نکی ام"" کصسھ سکمونٹری:
یور ہیور کرک
ام )رپ رر ]ھک
ہزدلر
0 ۳ر
مدان 1 2
ہہ اہی شنضلق ۴
لجغ آزالوورابحصعرزھعداق تےطازآب<
می ریا وی ‎١.‏
‏مان سا لطاب ا کت
مات ان ال و تہ وا
یم مرا یڈ مب[ نیک ضا یرف لمع کچ کے :
ایا 9سر کی ےر ان لت می فی تی ےج بی ستو عم مدت ںچن ہف ڈلت
2 حر و پر رما لن 7ج
اص رو یت کے تق ادخ ای شض ا و دی وت
یم سممے تب رمتمل ےت یما سی ضارما عم بای دھواعاوے ۷اا
جج کے تھا
مبمتوہ الہ دح درا و 0 وت 3
رک دولوم ماس نا ور وکا رنڈ ےپ کے ر7 وت ۹
2وس نے سیت سے ای سم رو تہ ا
ا ا مر یا
ای و وا ہن ا مہ
و و و اع
و رت ھت
اب صا تد و ا ا رت وو >
سی یی تس سی ےی سذ قسح یتیج کھت عم یس ری 302ا
سار مر یلیہ یت اح ا اس پچ و یک سے لی
کت ہچ ےا
0"""
/content/processed/148.png,"27 ٴ
6۴0222
‎٢‏
‏ا مسا
اض
وی ٰ
ا لے"
/content/processed/149.png,"اران ڑالوسےمتہ. ہے مے او ا لور :
ہے اوڈہ کو شا ای پاوس لوک ھآ
ی.,نام دا اک زا وأ تر
ن دژایوسےمتہ . بے بے اوڈتہ ما گڑھ شا:
ے اوڑتہ ما گڑھ شام . آہم, ہاوس لاگتھ آ
دی . دژاہم داوس لاگتھ دژاہم, وأنج تہ"
/content/processed/150.png,"ون[ا3:د٭
جس می ںکہ ایک نمو اسان ہے
(ء×
کیا تنگ ہم ستم زدگاں کا جہان ہے
جس میں کہ ایک بیضہ مور آسمان ہے"
/content/processed/151.png,"ےقسیمتی/ یسصھد۔_
خقعغفقتل _
بے دھعی -"
/content/processed/152.png,"3 قد ایس سمممزجی نفوزص مطاحظ ‎٠‏ ۱ یح
دس ہے و ویچژپہٹپش۸ر رکچ چ٤‏ دی
کر رجہ ہے و رج ماوع >2 2 ور مم
چھ جو اچ ھچ ھت
نلمقسمموں ئن لدپثعاتِ
میں :دشے میں, درا یکیاہوں میں
تق قرم پریماں خووگوڈھونلماہوں میں ""
ْ میں نف رقوںکی عرارت سے جلگیاہوںتگر ‎١‏
‏یتو ںکاسمارا لی ےگھزاہوں میں
برا نام میں شائل ہے خون فر دای ٰ
رگ جڈویں تیاباشی ویگمتا+وں یں
ستسنستت سڈ ہھ و"
/content/processed/154.png,")سیر
ول وسر ڈیا کر اڈ وک مت بے
هعلدم یر ددرنڈ ایک شی م راک مھ سلطا لی سے
برک کہ اہ فور سم وکہس اظم بی ری و
یل و تم کرو مع مس ات اس سے نا یا
لو ہیاک دو کرس ھکار
!۳ کرای انوہ تیروت ماار مت
را ھا ائ کہ مقر
ولا موب ام سہارل بی رر

نام دہ ریاستیں۔ یس"
/content/processed/155.png,"چماروں کا کنبہ تھا اور سارے گاؤں میں بدنام ۔ گھیسو اک دن کام کرتا تو تین دن آرام ۔ مادعو
اتناکام چور تھا

کە گھنٹہ بھ رکام کرتا تو گھنٹہ بھر چلم پیتا ۔ اسلئے انہیں کوئی رکھتا ہی نہیں تھا ۔ گھر میں
سٹھی بھر اناج بھی موجود ہو تو ان کے لی ےکام کرۓ کی قسم تھی ۔ جب دو ایک فاقے ہو جاتے
تو گھیسو درختوں پر چڑه کر لکڑیاں توڈ لاتا اور مادھو بازار میں بیچ آتا ۔ اور جب تک وہ
پیسے رہتے دوٹوں ادھر ادھر مارے مارے پھرتے ۔ جب نات ےکی نوبت آ جاتی تو پھر لکڑیاں
توڑتے یا کوئی مژدوری تلاش کرتی ۔ گّاؤں میں کام کی کسی نە تھی ۔ کاشتکاروں کا گاؤں تھا ۔
محلتی آدمی کے لئے پاچاس کام تھے ۔ مگر ان دونوں کو لوگ اسی وقت بلاتے جب دو آدمیوں
سے ایک کاکام پاکر بھی قناعت کر لینے کے سوا او رکوئی چارہ نە ہوتا ۔

کاش دونوں سادعو ہوتے تو انہیں قناعت اور توگل کے لئے ضبطِ نفس کی مطلق ضرورت نہ
ہوتی ۔ یە ا نکی خنقی صقت تھی ۔ عجیب زندگی تھی ان لوگوں کی ۔ گھر میں سٹی کے دو
چار برتنوں کے سوا کوئی اثاثہ نہیں ۔ پھۓ چیٹھروں سے اپلی عریائی ڈعاتکے ہوۓ : دتیاکی
فکروں سے آزاد ء قرض سے لدے ہوۓ ۔ گالیاں بھی کھاتے تھے مگ رکوئی غم نہیں ۔ مسکین
ات کە وصولی کی مطلق انید نہ ہوۓ پر بھی لوگ انہیں کچھ ئە کچھ قرض دے دیتے تھے ۔ مٹر
یا آل و کی قصل میں کھیتوں سے ىٹر یا آلو اکھاڑ لاتے اور بھون پھو نک رکھاتے یا دس پانج ارکھ
توڑ لاتے اور راتو ںکو چوستے ۔ گھیسو ۓ اسی زاہدانە انداز سے ساٹھ سال کی عمرکاٹ دی
اور مادعو بھی سعادتمند بیٹے کی طرح باپ کے نقش قدم پر چل دا تھا ۔ بلکہ اس کا ام اور بی
روشن کر رہاتھا۔"
/content/processed/156.png,"اردوڈوف
اردوفوئٹٹ انسشا لکر ےکا سب سے موترطیقہ یہ ےک پک اردوا تال 'اضٹا لک ری رٹپاک اردواقٹال ہے
اردوفوٹ کے ساتۂساتھاردو کے تلق دنر یں تی اردوکی ہوڈ ل ےآ لوٹ وغی روبھی خردینو دانٹال ہو چایں گے جس
ےآپ بر ایت سای سے ادا یس گے یکول ہلا +ائی نیل اور جوف دفیرہوج بھی ارگ گیل گے۔
اگرآپ اردوگ ٹل بجاےص رک نتراندازئی بڑھنا چاے ہیں7 ریچ دے گن لنک سے 'اردوفوٹف انسٹال ران لوڑ
ری اور برا ےکیٹ پراشا لکرلل- 1 مم َ‫
”'اردوفوئٹ انال یہاں نے( ون لو کی
رخ ال تن ارد خی شال ہیں جن یرداپ جوگہ پا یی ارددوالو ںکا وف
ےاور* پھر “رپ رالوں 7 رز سے میں ان ئن کے ساتح دس ات ھ ایک
یی ئیل پزریضتلق فؤر بھی شال ہے ”کیل درو ض تق ایگ ضتقلق وف ےجس ےآ پکرار دص
ای کیل لی ناحول میسر؟ تا ہے اورک رای نتر ۓگیششی میہا نظ رآ رجی سے ارد وفوٹ انٹالانسشا لکرنے
کے بعد پ تام ارددد یب سائیٹسپہترانداز یں ملا ہیس گے۔
یدراردوک تلق معلومات کے لے یہاں ویکھییں۔"
/content/processed/157.png,"۳ ہم حر ۱۱ہ
سا کے ود ڈراہ
و و یی
ایی وی۷ سے تتوں میرک ففو دن مژی
و فی مت
لاخ ‎٦‏ امفھہوی
ای تم صداویب

ے سو ضر فی و مور رو بی اط
قش
و رم یں سا
نیپس و ا
مر مد ہی نو لئ ہے ہے"
/content/processed/158.png,"8٤ا7۱‏ ٣۵٣ا‏ ایک متب ول پلیٹ فارم ہے جہہاں صار ٹین ایک یمج پراردو ضتعیق زوس رضین

اردوفوشٹ ڈائون لوڈ کے بہت ری نآ یجن جلا٘ شکر کت ہیں_ ارد و تلق صرف ایک فونٹ اسٹائل می بللہ ایک

نافع ضاخت ے ج پاکستان اوردنیاہھ میں اردوز با نکی خوبصورث یکی نما تن درگ یکر لے

سکم لگا میڈ یس آپ ار دو ضفتلبق فو کے بارے میں ہ رو معلومات حاصل کر گے جن میس ان کے

اتال, فواکراورانڑیں مفت ڈائن لوڈکرنے کے طر یی شائل کیںں۔ چا ےپ ڈ یز ئن ہو ءکدا ری ءطالب

علم بابش یہ مضمو نآ پکواعخاد کے ساقع بہت بن فونٹ ختخ بکھرنے ٹیل درد ےگا۔ ‎0٣‏
‎0۲۷١۱۱۵۲٥۱٣۶٤5‏ سی"
/content/processed/159.png,"رو .ھا کہ
یں لد ےرت :
۱ ×ط /
2 یھ
َٰ .یم ”ضص.>.
.۰ ا

نر ) ےسب
سے ہا ٴ ”کور
۱"
/content/processed/160.png,"نو کی منصوہہ ہناد یحق ھکار وب دہارن گی
,0"" ھ۸
فو ںکی منصوہ بند کی تقیفق تکاروب دہارن گی"
/content/processed/161.png,"چماروں کا کنب تھا اورسارے گاؤں میں ہدنام ۔گھیسواک دن کام کرتاتوتین دن آرام ۔ مادھواتناکام
چورتھا

کہ گہنٹہ بھرکام کرتاتوگمننہ بھرچلم ہیتا۔ اسط اہہیں کوئی رکھتا ہی نہیں تھا۔ گھ رمیں منٔھی بھراناج بنی
موجود ہوقوان کے لی کامکرنے کی قسم تھی ۔ جب دوایک فاتے ہوجا توگھیسودرختوں پرچڑم
کرلکریاں توڑلاتا اورمادھوبازارمیں بیچآتا۔ اورجب تک وہ ہے رت دوتوں ادھرادھ رمارے مارے
پھرتے۔ جب فاتے کی نوبتآ جات توپھرلکریاں توڑتے یاکوئی مزدوری تلاش کرت ۔گاؤں میں کام کی
کمی نہ تھی ۔ کاشتکاروں کاگاؤں تھا۔ محنتیآدمی کے لن پاچاس کام تے ۔ مگران دونوں کولوگ اسی
وقت بلاتے جب دوآدمیوں بے ایک کاکام پاکراٹی قناعت کرلیے کے سوا اورکوئی چارہ نه ہوتا۔
کاش دونوں سادھو ہوے توانہیں قناعت اورتوقّل کے لٹ ضبطِ نفس کی مطلق ضرورت نە ہوق۔ یه
ان کی خلقی صفت تمی۔ عجیب زندگ تھی ان لوگوں کی ۔ گرمیں مٹی کے دوچاربرتنوں کے سواکوئی
ثا'ہ نہیں بفط چیٹھروں سے اپنی عریان ڈھان ہوئے ؛دنیاکی فکروں سے آزاد: قرض سے لدے ہوئے
۔گالیاں بی کھاتے تق مگرکوئی غم نہیں ۔ مسکین ان کہ وصولی کی مطلق امّید نە ہوے پربٹی لوگ
انہیں کچ نه کچ قرض دے دیق تلع مثریاآلوکی فصل میں کھیتوں سے مئریاآلواکھاڑلاے اوریھون
بھون کرکھاتے یادس پانج اوک توڑلاتے اورراتوں کوچوسے ۔گیسونے اسی زاہدانہ اندازتے ساٹھ
سال کی عمرکاٹ دی اورمادھوبفی سعادتمند بیٹ کی طرح باپ کے نقش قدم پرچل رہا تھا۔ بلکہ اس
کانام اوخی روشن کرریا تھا۔"
/content/processed/163.png,"٭78 5۸1۸8 ۸۷۷۵۲۸۱

5ا 0٢۲9نا ‎))٥۵٢‏ طام 0338۲3 ‎0٥٥‏
‏اقا قد ہکی جرل اصلی نے ءا ذمبر۹۶۷۸ا سے ء کا *نسانٰی تقوقی کا عالی فشودہ منظو رکر کے اس کا اعلان عا مکل
امنصنات پر اس طشور کا مل سن درج ہے۔ اس تاندگی کارناے کے بعد ابی نے اپنے تام مگمبر لک پر زور
دیاکہ دہ بھی اپنے اپنے پا ال کا اعلان عامک رس اور ا سکی نش رو اشاعت می حضہلیں۔ ما يرکہ اسے نال
مقامات پر آویزا نکیا جائے۔ اور اص طور پر (گولوں انی ادارول میس اے پڑ ھکر سنایا جائے اور اس گا
تقصیلات واٹ مکی جائہ اود ا یمن مرآسی ملک یا علات ےکی ساس یحیشیت کے لواظ س ےکوقی انتیاز د برتا
جالے"
/content/processed/164.png,"0000 ادگ
8 17042:7111:7771777)
6 |۰,9 ۱۸۱۱۰۲
٭٤6‏ ۶۱۱ 6۱٥۱ء5‏
_-سسےہہ ہہ ہے ےس سی
اروو ریم ائحظطظ ثبان کی ساری روخ
آواڑوں کی ادگ یکر ہے۔ اروو کے
مروث بئاوٹ کے حاظ سے وردرچہ سادہ
اور اشکال کے اعتبار سے بس تعگم میں َ‫
اررو زان ١ے‏ الفاظ گی ناو ٹ گا ہثاء
4گ ‎“٠‏ 2 ا۱ح لگے .۔
‎٥‏ ہہ ہ ہہ ہہ ہہ ‎٠‏ و"
/content/processed/165.png,"رو .ھا کہ
یں لد ےرت :
۱ ×ط /
2 یھ
َٰ .یم ”ضص.>.
.۰ ا

نر ) ےسب
سے ہا ٴ ”کور
۱"
/content/processed/166.png,بلا ظا ط9 98 ۷ نا پا لا
/content/processed/167.png,"یناہ
0
‎٢‏ 0007
ہن0 امس
ہے
ےل سط و 3
مکی ول مق -۔
- مھا کاہیں ماج قعت ۔
سے ی ‏ مت -۔
َ و ا را َ
‎٠ ۱‏ پر ل ئ۷ مار
وا شرع ارب
مھے :
نت
1ے"
/content/processed/168.png,"رو .ھا کہ
یں لد ےرت :
۱ ×ط /
2 یھ
َٰ .یم ”ضص.>.
.۰ ا

نر ) ےسب
سے ہا ٴ ”کور
۱"
/content/processed/169.png,"وس فو .3س
کممسو‌ز -> وھ ےو
تس ہے"
/content/processed/170.png,"ےکن یا در با خرایت ما سرت گا
لذانحتبلەوِی ںون دس ککہ سال ال لغ ارد ژیار
سیپمالالے۔ گار میا جردامزاد اکتاب ال غٴ
و ۳ مگ مرل بے اٹ اما ولیک ڈوپی میں ۔
تو و نول کے پرشاد دک بنا
سد ور ہیں 29
او کے ملق * نیبرود کپ کر
اک اکا بب ہدارا ۳۱۳ نے لن علومت قلزاڈم
پل ای اب کی انٹول مسا انی
یرد خل کا رک رفار مو

یراک سکیل +س مغعل ر۷ /"
/content/processed/171.png,"نر ایق زدہ ٹاؤں سںگزر تے
عقت مل چڑجڑد بااثروز رشن کوبطل
جللری نی ااد خرن شہ ایک ٹیل برواقح
مر ار بفیرالی مرگ ن٣‏ (حاط کر
میںدراسبزال ہار یجامینڑغیوین
متل بڑےخضب کا زار ٥د‏ بی ہے۔"
/content/processed/172.png,"ےس ےر
وک و یہ
ہے 8 حےے_
سج 7ہ سے
۷ ٴ ‎٢)‏ دک
ہے کیھ:۔"
/content/processed/173.png,"۸۵0۲""
00۱/۸۰۷۷ 0 ۱ ۱ 1 1
‎""٠ ۱ ْ ٦ 0‏
ہت
‎١‏ ۴ ر6 ۳""
"" کان سے 6 0۸0(
کت

۷ ١ ۳٠ 0 ۱ 0ٰ ‏7ھ‎ / ۱ 7 6 ۱ ١
۲ 0
‏و تا‎ 1
‏ات‎ 020 1 7
07 ‏سے‎
‎0 ۷
۱ 7 ۱ ١ ۱ (0 ١ ( 1
00 ٰ (0۵ 0
١ ۲ ۱ 0
‏ٗ‌'""""۵ھ۸‎ ۱
7۷ ۷.۵"
/content/processed/174.png,"وس فو .3س
کممسو‌ز -> وھ ےو
تس ہے"
/content/processed/175.png,"+ ٍ ری : اف 7
‎٦ ۸.۰۲‏ ٍ 7
ند .۳ ا ےل
دنا رت لا سا اک ا امس لس

کر اہ )۱21 کے دم َ ‎١‏

ى کال ا اکا 0.0
ِ. 090 ار 00
‎٦. : ٦ 0‏ ا 7 701
8 ۷ ا ۳ ۱ نے ا
وروی جو رر ۰'۳ 1 ٰ 7 ِ
ا اف ہے ر٦‏ ہی

بین اک با یراکنا مان سے .1
ول چیز کیا ہے آپ ری جں جج )ا
او بت .ے 3
ا نا ۱ 75 اہ
/ : 23 :. 7

77 ]ےر 5
۱ ا ‎٠‏ ) ےتا ر7 5
3 7 عم یں اج )

‎٣٢‏ 1 ا ری
۲ ہہ
۷/۸ ...ٌ۴

‏6 :. ىآ ۱ے ے ‏ ھف و٦‏ در
7 ا سس لال ا
کہ 0 ا سی حر ا(0 و77۱ و"
/content/processed/176.png,"جمہور ہہ پاکتتان اٹھی طاقت سے
وریہ پاکستان اٹیسی طا3
وریہ پاکستان اٹیمی طا"
/content/processed/177.png,
/content/processed/178.png,"نٹ
آ دہ"
/content/processed/179.png,"ارات “صزارع دزن
توزلگر راو تا
ہر تک"
/content/processed/180.png,"_.×-.۔ ‏ مات اوظلومتد۔_ْ ""_
.اتل یہد ایہائشک پچ جع مگ سوک مجع هی
اس خطے رکاش لو دہ اع یہاں ایک تاج
انطام سکوعت موجور ہے بر الیداعلاق ج انان کیل پاری یش

جھاں یک لس حکعیت بت مھ وخ دا مھ زور
اقم اع مد اع تلادع وا مدکی تم
0 0 پر

اعت پائک محے ابا مات نی مع کے جات
ڈ۳ . مماد نیو ںا یم دہ نچوٹا پہ جج ن گے(
مک ٹ ہکا فیاد یمام لوک پاٹ ھپاگ ر5 __
سر مرو تہ"
/content/processed/181.png,"٦
‏ماگ ہج‎
‏وص ا ات ا‎
۰ ‏ریت‎"
/content/processed/182.png,"لے ۵2و۸ سی تی
صر نایب .تر ےلج صی نر
جلاتیے_"
/content/processed/183.png,"وو صصح ٣گ‏ ے ےش ےھ _(ٗیٛی.ی.-۰- یی ‎٠...‏ ھچ
‎٠ ۱ 2‏ .

گر ,0۵0ا۰۳۷۳ء.,

۱ ے گثہے۔؟ ۔_ -.-
۸ ۹ سژں

سے-صسعہ )پ٦‏ بل

.- . کش

...ا آپ یں پا لن یج اپ

مٌ۔ اراس مم ج

ح یکسج

کس کی یکریسون [ مع

۔ کیجا سا طط اسم لہ( می

سے اج

مو میروا مر ۷

لات ادس و 0رس بج 2

کی زیت پر رپپ می پھر را ا۵

۰ دا پا اسب بوا ارک )را 9و

3 سکس رسلھ وش لد

مم اوامگگزرمکہودسخڑیوےں ہہ ہی

]ا پ ۔۔۔ سسسسسسسستسستوم _ ر"
/content/processed/184.png,"رعز یس
رایت سزڈقے"
/content/processed/186.png,"یلان ما نے ین یچ اونفورغیرااسام
کن کا فا کے پیا دا
ز-زکی زار کے رت ک1
یل ( وم 2۱۰ ط۸۳ ٥27٥۸7ط7):‏
رفاک وو لاوز
0 ,کی رت ‎١‏
‏ور تن رد خك ض ہک دثتتالاہرغ:
زا ما نمی طز کے دای شا رک سا
ضز لک پا نگ نان خزبھکطت"
/content/processed/187.png,"ا کہرییں سے 2م
کسی"
/content/processed/188.png,"صمموہ وھ کے جو ہے
لندن(انیڑیک ڈینک) اگ رآپ سیات کے لے
بن لک جا جات ہیں لیکن اس کے انرایات
بروالشت نمی ںکر کت توا بآپ اپنا یہ شون اعتائی سے
داموں پوراگر کھت یں ہیونکہ ایرپورٹ راف رویب سانٹ
بویا (8م۸٥1٢)‏ نے دنا بھر کے ساط مقامات پ
آنے والے اخرابا تکا تجز کر کے سب سے سح بکہ
چادی ےءاورے پل بلٹان ےکا دارالگومت صئي ہے۔
ڈیلی مٹارگی راورٹ کے ماع ہوا کے ماہرین نے دنیا
پھر کے 4 مالک کے سیاضی متامات پر ہوٹل :یی اور
کھھانے وغیرہ کے اخراجا ت کا تجز یکر کے جایاہ ےکہ ان
4 اک میں صوفیہ سب سے ست جکمہ ہے۔
آلرکی لوگ لکوپسلی مہ نیٹ مج یچ رہے ہوں تو
انام می بھی بی ایک یز میں بد دن
ی٢[‏ ][2]"
/content/processed/189.png,"فلا لح ۔. کہہے
‎٠ ۱‏ لن ۔
ہی کش 3 کے
۲ جرزیب سس پلا کا نا ےء ایت
کے رد لوے پر جا ہوا ڑیلے۔۔۔ -"
/content/processed/190.png,"وی مووممنٹ کے قاندالطات صن اوراروواو_ لۓ والول

دافلہ تی کا دہ مسائل پرایک اہلاس بھی نہیں

اقاعدہ اظمارکردہی ہیں ۔ ایک اورمراسلہ کے بارے میں چنا تے
ڈالری قدرمی اضاف جولیا ام بین مل کک

اعمکرکیوں ول پورو اود طافی پاڈڈی قردمیں"
/content/processed/191.png,"صمموہ وھ کے جو ہے
لندن(انیڑیک ڈینک) اگ رآپ سیات کے لے
بن لک جا جات ہیں لیکن اس کے انرایات
بروالشت نمی ںکر کت توا بآپ اپنا یہ شون اعتائی سے
داموں پوراگر کھت یں ہیونکہ ایرپورٹ راف رویب سانٹ
بویا (8م۸٥1٢)‏ نے دنا بھر کے ساط مقامات پ
آنے والے اخرابا تکا تجز کر کے سب سے سح بکہ
چادی ےءاورے پل بلٹان ےکا دارالگومت صئي ہے۔
ڈیلی مٹارگی راورٹ کے ماع ہوا کے ماہرین نے دنیا
پھر کے 4 مالک کے سیاضی متامات پر ہوٹل :یی اور
کھھانے وغیرہ کے اخراجا ت کا تجز یکر کے جایاہ ےکہ ان
4 اک میں صوفیہ سب سے ست جکمہ ہے۔
آلرکی لوگ لکوپسلی مہ نیٹ مج یچ رہے ہوں تو
انام می بھی بی ایک یز میں بد دن
ی٢[‏ ][2]"
/content/processed/192.png,"8ا7۱ ٣٣ا‏ ایک متبول پلیٹ فارم ہے جہہاں صار شین ایک یا لہ پراردو نتتیق زس رضین

اردوفوشٹ ڈائون لوڈ کے بہت ری نآ یش جلاخ ش کر کت ہیں_ ارد وض تلق صرف آیک فونٹ اسٹائل می بللہ ایک

نافع ضاخت ے ج پاکستان اود نیا میں اردوز با نکی خوبصور یکی نما تو دگ یکر لے

اں ام ل٤ایڑشس‏ آپاردہ تلق فونٹس کے بارے میں ہ روہ معلوبات حا ص لک میں گے ججن بی ان کے

اتال, فواکراورانڑیں مفت ڈائن لو ڈکرنے کے طر یی شائل کیں۔ چا ےپ ڈ یزامن ہو ءکا ری ءطالب

علم بابش یہ مضفمو نآ پکواعخاد کے سا قح بہت بن فونٹف ختخ بکھرنے ٹیل درد ےگا۔ پک
‎0۲۷۱۱۵۲٥۱٤۶٤۲‏ س٦‏"
/content/processed/193.png,"4 ۵
_ روزناہدلگرنشتریہ 1
إ8 ۔مستتا
کا ہے ۔
۱ شکرنگداکھیلا کے بانکزی'
پریس ریئم
گزش یلو ںکاگرٹش کےلیڈ سای زی وذ ماب مذ ملا
۱ اکھد اجک رک داکیو نے ایک بر انس جس داع دیس
کےا سے تار منرت پ تی مان دا ہے امت بھی پذد
پان نک رگد گلا کے یا نکی کر ہے مھا وٹ اور
بے ابق
۱ سبی چس سیت
ا ان وو یا 6 ے ان
لن ٣ز‏ سےحہت بد ان کا لو
دنک جرتلا کی کیااک بھی می ٹیپ یی بجی ا
اپ شی یں میں سس یو ۱
ایض عامت ین رمود جن وش گ اک ما
اس کک لہس جہاں دی مسلان ھی ہیں کی پاس مس ران
یں بات ہیک حب بی مد نار سے بہت بجی طخ
کے
فض دم ہحرافھیظ یپ ایک
رعلہطی اق
کی و یک ای
۱ اکا کے من چک 4
ارس ری
کیک وی گار ےم ڈد ای ےپ ھی زکنےک تن یکریں۔
پریس سیکرٹری عبدالحمید کریم
مو گے"
/content/processed/194.png,"1 یف
ج ث0 ری
جیا
لضرق ‎۲٤٤٤‏
‏وست لو 0دت سےا
و
ی60 0 رر
پت كت اک
یی در لم یی ہے کی
کی پا تریب ۲9پ فمداندمی/ ڈو یھر
یس یج رم۶ ھک دم کی مم رف رع یتو
ورای وا یور عق سض می ک ھا کی
دجاس ول ام باب وو پہ نہ حول میں ے
لا بکرتے ہو ےکا کر اس گر ہیں کت بین گرم ان ےکی دک وت واتاے تی رسک
ںای قد جا جا ورڈ ا اق
عھج رآ کا ار ات می کا اہ ےن کہا کیل
یں ا و کرت ا سے کے
بی نک 1لیا مکرقی ہیی ج یں چا کسی ہے میا کک تج رم حصہ کچھ ےم در
ای وی حا ا کسی یں
ا جار کرد و ام ےل رر ےب ےد چک
۸
کون کرت ابد ےی ر19 یڈ کو وت"
/content/processed/195.png,"اکچ“ 3َ٣سئبَبٰتن‏ ہن ضس وت
سس
یرو١ج‏
پہ نما چیہ ‎٠‏ گ‫
سیک ی سن
دی لھا پک ای بد اق ۳
ری ھا می رع شا تام ول ا
یو دو و
ٍ سسساس مششست بے
یر ما ا ہین :
تپ
سیک رفا سر
: ات ےت
سو ما ور
4 ما ے رگگہ رو صسص
رم سس وس ا
یں کے مکل یں یس رک
رف و ف حا لس
لہ
س9أ/"
/content/processed/196.png,"ا
0 کے ری اس لی
1 گ۷ اس فی ای یی
۲ بین ”تیر پچ ن۲ 72
می اہ اکا ۶موی
لی ۱ ۶ و نر
7 ا
ُ ار ک 0 ۱
کت
وو ہے و سس ا
کت""
در کر ا
یر کاو پر کی کر انور
و
0ت""
لے وا ا ا
""۰م
لے ا رمآ ۶ ری
رت ّ
نے گر ومن و اط
و تل و :
َ۶ یوب 1 آپ ڈناگ
۲٭ثر ۔"
/content/processed/198.png,"ایک موی ین ایک ویش نف ہب مور ہے اعل نککر دی مد ئن یں
سے بک ف9 پچ کزنددے می یی ان کک انکر ہت تا جو
لبون مغ ےہ ائہوں لے جد رک ش روک وی جن آ اگ
لے ایک پچ رپ 10 10 :وپ کے جنے من فرید ےےآپ کا مس رو
گی تی ولیک مو یی تہ چد این بندر گی نہیں جا رقدار ج گیا قد
یں دقت مر نے اعو نل کہ اب دد یکر 20 دو پل بی ٹر ڈے گ۱ جن سے
یں خی تا مزب“ پدا ہدافود اک داع لزا لبون نے جو رک آرہتی سے م۸
روم گے چر نب نزر انا وھ نف مر آئے مود ون نے آے ہو ے ججر
کے اک بڑے ڈرے میں جیا 1300 جلدہ مغ د گی سے جب مجر نے
ںای رید فی یی صن ذ یھی قرو نے لا مل کت پیل 5ڈ راپ رد
گی حور بجر لے دن کت 0 رد کہ یہ ان یت می لی نے سرک بر
زا زوپ بر ینز یک ضرا کیا ود آنا× دافل (ھرو گر ا دی
:چو ہم اللہ م گی دوذ ذو شب چا گیا ود ا (مسلدرٹ لام ہک ال
انی فی مو شودگی یس نی ہسشدں نے یئ ں کو یئز ےتا
جارس بے ہے مس تس ا145 چاو ہیں جم اتاد نے تع سک ید
اقب و ما پل لخد
نا ںہ جب دی نے سے ے خر پش جا ید“
ال خوش ےو سا ارب کی ترک و
لے کے او تک یع رو وا ا وسر کون بر
۱ رر ےت
تم جن اكْ۸یٹ ۱"
/content/processed/199.png,"سس ل مم
سطصمے سے سسے ح ہت
سے_۔
ى۱ سہسااہے۔
سے َ‫ وڈ سو
۱ ۰
گمقردے×ر سس و
شیع وش
ا سو ہے
ا
, لپن سال یی
۔ او کور ۰ ئا ۰
سو سو
۱ سس سس ۱
: دی سیت ۱
کو ا 7
. تا اہ نر :
سد الکو ۱
اس تا دسر ہے 21
7یپ پا اط
کر ای
۷ھ ٭
. - رو
ما دا ہو ۰
کک مل وو .
ا سس
و و فو
كَْ ور امو کہ اعت با
و سے
ہیں او 7۲
پ طز ہے"
/content/processed/200.png,"رس ما
سی ہو یں دص کر
رلک لی یں تمہ ری
دی ےو مور زم ہرم
یم یپ پٹ ار
ےک ی یراک یں می

تاب ض ۱م چا سیپ
۷ رر سے ور نے سی ہے"
/content/processed/201.png,"7
ال گے تس
مس 5 ‎٢‏
‏ا را کم“ .-
۸ نے7 رس در 7 کک گ۔
‎٠‏ کی نس
گر ور مائریں ا و
و
ٍ‌ 0777
۶ تی2 و و و کرو
ود ا
پش دی 1 رک ۰ت
.20
ا
"" رر کاو یں .7
۳0 بے کج- کافبك وی
اخ
و ۳"
/content/processed/202.png,".""ےھ ‌
۱ رکف اض پرازیر
کر پاش کساقاھ مہ را و یک
سی ھمنھ تدج پ روص بی رے
ار
و ا سک کا ا و ےک وع را
ا یج کی یں
رر ہی"" عم اپ کا
7 تد سد مر رھ تھے لے دہیں
ر7 تا مھ عون تو
لق متخ کو ےم کس ل*
س رر وھ سرد انتا مین
7 سا ساد متوگ ملیف
ل“ یں کور سدق ویپ مر
وم۸ ب٘ة5ھفبدٹۃ ردام
: تی داش کی پا مم ۸ای سم ڑآ سے بی وہل ۱
ح٠‏ پا
‎٠ِ‏ مع دب سد کا دیس پوھد مھ مس ماع
ِ لگ ا ملاس دی تی 1
مسم کھپ د ہم ایک یمیس ریچ دی ہل یت ۱
کی
تو لی مب پگ کرد ھی
سس اکا
اے ‏ مس سس پ شس سمش
٣بس‏ سس ےسج سے سے
‎٢‏ اہم ے_ے__ وبھىسس×ىطحہًھ جج ۔ ےے
کے.
‎٠‏ ےت ۱
90
6 ۴ چ- جا ‎٦‏ 0
لہ نے “۔ _ عصبپ 7"
/content/processed/203.png,"2 .
‎٠‏ یسوی مور
٘ 2 ست کاو اسسبارو زی
۱ فو و و ور
2 ۱ وہ رکید تد
ِ٭ھ
کرے! 00000 --
تعاس
لد سور
‎٠‏ ںا سا
: یں ا ای
ری دی وق
آصا۔ تقر"
/content/processed/204.png,".7 50""
ہبہ
صا ہم 7
سی شی
صحسم کے
موس سی وت |/
دا ںوک
ی0 ہس
سیت اپ دید
مع میم
ےہ
مت کک کلم سے"
/content/processed/205.png,"سس ل مم
سطصمے سے سسے ح ہت
سے_۔
ى۱ سہسااہے۔
سے َ‫ وڈ سو
۱ ۰
گمقردے×ر سس و
شیع وش
ا سو ہے
ا
, لپن سال یی
۔ او کور ۰ ئا ۰
سو سو
۱ سس سس ۱
: دی سیت ۱
کو ا 7
. تا اہ نر :
سد الکو ۱
اس تا دسر ہے 21
7یپ پا اط
کر ای
۷ھ ٭
. - رو
ما دا ہو ۰
کک مل وو .
ا سس
و و فو
كَْ ور امو کہ اعت با
و سے
ہیں او 7۲
پ طز ہے"
/content/processed/206.png,"ا.تے نت کی
۱
أَِق خالینگ هیٰأُرممْھا(ىر-ای ذاہمیں
تھے ل۷ل پا)
ارب ہت سے الاب کر 7ش وا کید ل:
لف ےا رک شر جک وڈ لک کون ری
اب “رت تےحخطظ بآو7+الخْ مان ےگ ط یا
کر کا رج کان جن ہگ زی
خری اتی ےلیب وی مک
یمام کے دا ے ال نی مرکا 7
ا انس جو گال بکزد تی :سے اھ مان ش وط ب؟
رت ماگ سے یں چٹ
لد کے بھاہے زنر میں نکوالہ نے ونگج ۴ نس یوک
تگال کک اھ ہو اوران کا زی را دی دا ۷
یی مالیت وو یں خل 7ء"
/content/processed/207.png,"--
یی ...جج
تح

ہی لا
ےت
کوک ور ۰ ۰ مم لک
چھت
ہہت
آ بت کک
ہت
ت
کک 3 ا
نات ہک یا و تج
تناک 7 رای خیرو کا :ححت کی
ہے سو یقت یک اب
لے نی
کہ ا تد مت
ھت
ث وت ای۳ ۱2۰ رگ
مم ' کس ہوا .
رگ حت ا ِ کے ‎٠‏
‎٠‏ ا کے ےھ رج ا
‎٤‏ - سا ہہ
َ رز ‎٦ 7 ٦‏ ._ پا 7 چھود نل پر بر
1 کت
. وت کے
یا تہ
ا
رہہ یمم
میں ان یز"
/content/processed/208.png,"مارین ...اگ اقوالہ
سر ان ۔""_ زماں اط

گل لرہزرگیں سے ردایت ہے اکا کی لڑا یکا
آمازشادی با ور رو بی ہکا تھا۔ جب الا
ےت ۶7
کرا اق وہ دوقیرلنی.....ایاں نے اپ سےشکو وکیا دہ
کن خرن اٹاے بر تار ہو گئے کرای روکریں ہے۔
اماک یکودوبارہ چی فکرا ایا تو ابا کا گرا ناد
وی دا رس نک میں از یں
گی جا کر ابا کے بات عر ایلیا ا کک مارگ ا کددبال
ساونشان بی گیا پز رک گی بات برا لی ین
گرنا رجا ےک رشان ااکے مات پرتاعال موجمد ے٠‏

اہ ماس ہنددلای مرا کے اج
( ںوت ...نا یں ٹا میسن )
‎٠‏ اتراءسرور....ڑ یىی مان"
/content/processed/209.png,"ہے ساس ۰
ہا ہے گثیم سےا
مامتا کرت لاہ

ہے کی سا ے نے

می یکم ہی تا یک ینیع کت لیا م
از پیلد نے مض جئ بھی فو زی پہرط ری لو فک ارح کو اضک یع یچارک
راوگ ایم ون دیدرت سی
زی زظہبل ہف یک ت٭وں خبر زم ل جنیر
یدک میا جس چو کک ہد بی ےکا
مق کاشوں ِ۳ ہہ

خزرب پبظھ اہ عذظراانچ وم پنڈآھی
کا کھت پا جآ پک یملز نا جا ےتیپ شاباش گند ف7
یپا ےکی 7ن ےکپ بی ہیں نس یوق دید5ا مج سازظر
شرب رامک اتی آپ۷ بات میڈ او( جہ
پاپ جیا فئال فلا نف بد :لا

فغتخ تر تر اعد لی مز رو فارت یہ
ہ. عینرقاوفلل__ لوت
چک ہہ ہو شس
خی تا سب پآ اوس امرف تر ول"
/content/processed/210.png,"ْ اہ قد کا کا ا اک ایا
جب چا پا شا ا چیک پ کو رس پرعلی بکاع کیا جا نکر
ٍُ ول زی وو ررقت طلب یا در ےل را ٹیپ سے اریت .
٘ وب ہا رخف وک ۱أ
لص رے| یا مز وف وع وس تیاہن بلک جوا زات جے
ا کا یش کو وا بات ک
عم و ناے ود وسرے بس سے ےکا ےکس بکوتا لیب
کے رز کات کر ےکا اس انیب
او+یژیو+ سد وجوہے+ہدو+و+رد دیو س دوجو ری یدید ی۶ یدددھد دس سرد دہ"
/content/processed/211.png,"سد ہیں ایک ود کا ال اس دص راو کال کول یی کر تر امب
تی سے رد وم سو یکا سلام ہے۔ ای لے مسلران جک ےتا ربا
ے- رن +گفاےآر لق رق :یا پست از رف ڑ انی ںنلی
گر وکیاہے۔ پاکتان م رہش جا رمسا ہیں ر٘ ایک جال اوران
وٹ :ملا کے پادے یی سی انفارش ین یلا سلزرات مد ۸ا۷
لا ا تد
ام ظطہ جاجح ۃآھا ے اض گی لا: جح ےق × پا ےء
یچکڑدں ےب ےکوی ای یف پک ہوک موو زاس جات پا
او رکا فو نکی حر تک ہر بھی کیہ جک ا ہدگد و شندی میک راخ گردن
زت جا ۓگا ا یکا سرد وگ جا دیا جات گ۴۔ شدایٹس خردڈت نع کب ہے
موا لی ق رگ نم :اکر یکرہ ہا یف یق رو یں وی سے
ترتت عاری 7 مد گزصسائیتہیبددوت با در یت تو لکرنے پ گور دک
رداوارگی یج انی ہے دوضادرتجف جن یریم کے تاس لو کی بد
ہیں جراسلا ما ماف :را ےکی لباز نید چا ‏ کمکرکی اع ترا ضا تآشزم
ای سے ددشت کرت و ملا میں بنا ند وذ چج ارس ہکا کیا
موا یکاو سو ما کسوٹی پ پپراجقر ہے ؟ جولپ دی اکر پ نےآم جو اب د
وپ کلک آ پک جواباد یا یچ ےفا نین شھالسول ہے آ پا جاب
مض کے لے مجر ڈ ہیں ہوں۴۔ دی
عنازشی"
/content/processed/212.png,"ج٭۔

رس تی تو
آڑھ ےج تضإ ص/ ےجود ہنك+/ مگ سۓء ججکدڈیا
اوھ و ہد کید میں کک ا ندب یمتمائ1
کرو (یڑمدگ للا قلسےرپوعسطوگرے
سر ٹیکزتکگاسنیبو ڈواوےتہ

""پک د٢‏ تی ٹ دک اتی نے مد ےبد کصم۷
بلش کا نیہ

4 دخ ویگ ٢ہ‏ ( 1/2۶
محورد غافھاد ۰
‎٥ .‏"
/content/processed/213.png,"کت کے _ لت رت
ےن ہے ہ٣‏
مت 2 ٭-
س مت 3ہ
وش : یکل
و : 6
شیج یت
ہے ٭
کش می
می کہ دہ سے ۸
کر یی َ
پچ کوک ۱
: ی- 5
نت ٰ
ہت ُ
ےت حا ۔
1 را پر
٘ گا 00 3 .
ات 2 پر ہے
کر
ےت
: 7 کو
۱ ۴ یں :
: کش
ٴ
یہ ےج یکر
مت“ مد"
/content/processed/214.png,"ہے ساس ۰
ہا ہے گثیم سےا
مامتا کرت لاہ

ہے کی سا ے نے

می یکم ہی تا یک ینیع کت لیا م
از پیلد نے مض جئ بھی فو زی پہرط ری لو فک ارح کو اضک یع یچارک
راوگ ایم ون دیدرت سی
زی زظہبل ہف یک ت٭وں خبر زم ل جنیر
یدک میا جس چو کک ہد بی ےکا
مق کاشوں ِ۳ ہہ

خزرب پبظھ اہ عذظراانچ وم پنڈآھی
کا کھت پا جآ پک یملز نا جا ےتیپ شاباش گند ف7
یپا ےکی 7ن ےکپ بی ہیں نس یوق دید5ا مج سازظر
شرب رامک اتی آپ۷ بات میڈ او( جہ
پاپ جیا فئال فلا نف بد :لا

فغتخ تر تر اعد لی مز رو فارت یہ
ہ. عینرقاوفلل__ لوت
چک ہہ ہو شس
خی تا سب پآ اوس امرف تر ول"
/content/processed/215.png,"اکسبار میتی گے]
ےرات

'ا شب نے جس تصرف ایک ففط ہے لان اکر اس پ تو رکیا جائے 2 بد اکی سب سس مفید
جززدں مس سے ایک ہے دو لا رت ےراس ےہ گی اورفی ری ییروں سے ما تمردتت ہیں ۔لیاں از اخیار
جچی کے پشورقھ <ھ می ہگ ران شی سے حرف اھ ہی خدمت ہیں۔-

جبآ پش نج اپ ےکم جآ یا ہداجا زوا قباد ا ٹھاتے ہیں ن2 آپ دنا برک جاز وی ‌تردں رے
وانف ب چا ت ہیں ۔ ا لک عطلب ہہ ہ ےکا خپار ٹس دنا نج رگ نا ز ہت مجر ہوگی ہیں ۔ یک ادر
ڈالحدہ یرہ ےکرآپ اپینے کک کے عالات ست؟ گاہ جات ہیں ڑآ کچھ چو ہے کی سر فا
یر ہے ۔ یی پاکتانندں کے ج72 زاعی ورپ شروری ہ یدگ ہچ یع رح کے عائات گ یگل
ہر ہے ہیں اس ہیں گی ںگھر سے شلتہ سے لہ برطرف کے عالات سے پا رپوا اپ ۔ کی کے ماد
ییں؛ جیحلومت کے تم بو اعم ہو جا جا ہے ۔اید ےکی پر پت ےک ہا کححکوص تک تی مہترکام
حمردہی ہے باننیں .ہیں اشبار سے یرد ںکی یت ما بھی علم ر ناج اس کے عؾادہ رگ مد گے
بشتہا رات ےم فیات سے ہیں متا سب کر یں"" خبصور گھ اور ند ےس تی کا ڈیاں ڈ عو نے گی
بت مدداق ہپ زارہی جو جت یی تی ہیں ان کابھ مل ہداب

میں اشارے سام یروںکابھ یعلمر جتاہے ۔ااس کے عطاد وکیاوں کےصفیات کے وم یہ یا مر
کے دیس پپھیلول کے یادے ہل ہآ ک عی رق ہے۔ ماع طودی جھداپے پپتد یے وی لکرکرثکی۸علومات
وی ہیں یں دی دی سکع عدار گرا بھی معلوم چنار پا ےرہ ماع ىمضا مںکی
پڑھ نکھت ہیں۔ا شیا تچ کرت کے یت تک ہیں یس انس ےچ ری رٹ ات وا ٹھاتاجاجے۔

متا
کل"
/content/processed/216.png,"/ یم( نگ فدہ دض پہ ہیں مرنول ۸7ضحہ 2مک
ي۷
یہد بل لک کی یکل ف00 رر حح ند سم ھی حرج 00ید
حپطر
پت وی بی ئپریرزنی ےس تی یں
یں اکر بک ےکھد کر نکی یس0 6ش پلک یورم لی يک
دم ہا. پگ فیس 00ش پ مت کرد کی بتاک لیج دس زی ف فیس سک ط×
تردق ئوہ جک کے اق لہ ول دگرب ری یور بای تل دنک بر سے
شدیے ام یکر ےک فو مہم ردپ جج وع تی کی ارد پ دک وندں گر پل
مع یی فوس 3ں پپ یرلیہ پارڈ رہپ مدکی ‎٠‏ اع پٹخ ام
اتکی گوس ع ہن رو کی جاب سے کید ہد ڈکی تب مے لے نسیب تدش پ00ہ٭
بد ہی ق۹ متام 00م پوس چا دش صلی ٹک کی مرش مد ول
ک س11 ۸ 200 ۱پ ریہ یک می ۱۵۵ 2ج پ جیا تو کی س0 ابد پچ
ذرجد قد ود رفاو ۸ئ کین یی ترک یتوس 09پ بدی. یا ڈنف سے قد تم
ا میٹ مس شس رش ای رس نشی سن
رہ ریشم پر م۸ رگا لم لندھدشک+ء× فی زپدببت۲۴۳م/
نویس چ3 یہ مدگی۔ حض یہ ں۱ وکیرقں جرد لم دمح کر اگ فں
8ہ پچ کس ہدنرد حھ رڈ اف بوند و کی جب ےد کا ودج
کے مدق مس لک بسگد"
/content/processed/217.png,"ْ اہ قد کا کا ا اک ایا
جب چا پا شا ا چیک پ کو رس پرعلی بکاع کیا جا نکر
ٍُ ول زی وو ررقت طلب یا در ےل را ٹیپ سے اریت .
٘ وب ہا رخف وک ۱أ
لص رے| یا مز وف وع وس تیاہن بلک جوا زات جے
ا کا یش کو وا بات ک
عم و ناے ود وسرے بس سے ےکا ےکس بکوتا لیب
کے رز کات کر ےکا اس انیب
او+یژیو+ سد وجوہے+ہدو+و+رد دیو س دوجو ری یدید ی۶ یدددھد دس سرد دہ"
/content/processed/218.png,"دستورسا نز کک یکا لا الا 22ث گ194 ہاش نکی مبدارت برغ ےکا 1
3فروز یکودستوزساز لی ئے اراکین نے خاف اٹایااورًی روزیڈر لکورٹ (پریج ۔
کوارٹ کے تا کا اعلان ہوا۔ 25 فرودی 1948 کو وستورسا ھی نے اردوو پا العاںگيی:
زی زباع تراردیا۔ وڑ اعم لیا ‎۱٣|‏ مان ث ےکنا کرصرف ارددبی مر اور رق
پاکتا تج درک ہے ۔ دجن ال اراکین کے علادہ دستورساز ای کے دوصرے پا
اراکین نے ااددو کے تق می تی یں بھی 7277 رپ 0
یھ کےخلافش رق پاککتان ام طور پر ڈھاکشمم یل ہوا۔ لی نے مکل پر اتا کیا .
اور گا یگواردو کے سا تسا تم دق ٹیڈ پان بنا کا مطالدکیا۔شواہر جرد ؤ ںکہان ہگاموں
یس ہندروتا ن کا تھ لیس پردو اپناکردام امام دے د تھے تائداشمم نے اٹ تارب رش
بے نوا بکیا۔أ وں نے قلبراودمش رق پاککتان ک ےئوا مکدیصرف رشن ہساپے کے زائم ۔
ےآ گا وکیا کو پاحیت کے ذ ہرے تچ کاچ انی نیا۔ ہا ںکک تھے باد پڑت ےمشرق"
/content/processed/219.png,"کت 5 ار پا 1 ر۷
ا ا ا کی
کر کا ان کر
لآ یی
وق یچ
بح نراتی ]۰
‎٦‏ 0 7 . 1 . صظ
لچم وک گ۷ ص 3
3 7 3 7 سی
لم مہ کت
3۲ 4 َ0 می گرا
اور
مم ذف نے
یی ور
-- کر کا :
گ+5كئوئوءئئئ,"
/content/processed/220.png,"""پر
ف۰ لی
7 گی 1
‎٦‏ چک لیر تھی
:-۔ ودای
کا یں ور
۰ 7 لچ ‎٠‏ گل
کر 7 اک یر
ٴ ری لی
و 7
کر کور ا ۲ : 7 5 بت 7
ٰ یں سک کیم لک ۱
2 له 2 رای
اکر سا کا ۱
ہیں لِ ہر
1 لس"
/content/processed/221.png,"سے مػخضسی٭* بی“ ْ- ‎٦‏ جح ‎١‏ --ہ
کے ہس و نم ہے رر جو
ہم جب ا + ہہ ۱“ َ‫ ےگ۔
تر تج 7ر یڈ سی میرم
۹ بث حہود ہیی ؤ۳ ے2 جی .
نک سپ ید وس ئ ہے ہے ً
یک ہیں کی را ٹف پت سے
پک کیک وک ہا جا بحم ہی
ےت ہا اپ یت تہ
رہ ہی ار یھ کت یں رج کیا ا
کچ ۔ نے سے نے ہیں 0 - - +,>-
ےے. ایت ےت بر یہ ماپ رت ہک
یے پے پے سو وی کی اب
4 ہش اپ اچ ےی ک8
وع یم و ہہ ہیں کی یں کپےات
پ0 نا یت جک ہیی رہ کچھ یھ
و جاںیک ےہا ہے اہ مےم
می ےا کا یں میں کیہ و ےپ کہہے
بک کی تا سم پر ۱ ں ریپ رح ہر و
۹ یس ہے ہیۃەںف د و سر
ےا یہ سم ہي نوںف نکی بے ہی ۔
رر کے سا ےر ویک ےا ایب ےم
نے کے ہے ہہ. چا ہے جار لے
تا رر ںا ۰:001-027
رپ ریہ ہیں ہیک یہ سے
ٍ جہوے۔ھجہ کے کر ہے
پر ٭ یدب جات یک ہیر ہے
بن ۳۰ سی مہ کک جک جن ہے
ہے آتیاے۔* عو وہ رہ
ےکی وی ہی ےر ارتا
ہہ ہے ہیی می ہے کے
بے کے می ری یک حا ین
ٰٴ چ٠‏ قی ے۲ کے رن ‎٠ ۰٠‏
سج١[‏ یت کے صرح ےک ر1 .
ل۹ جع جچیی۔؟ ہہ ا ےط ‎۰٠‏ صے بے و۶"
/content/processed/222.png,"کپ یس۔رکسیمسیمچوی+ ول
کچ سے
سم ا ا
این یی پ3
کی یئن دو
فیس س یرش یں ے
لاونوزباللےہیب نغووصرذبنق
ول نواعت بات سجطرت رکس اك"
